-- MySQL dump 10.13  Distrib 8.0.13, for Win64 (x86_64)
--
-- Host: 127.0.0.1    Database: iot
-- ------------------------------------------------------
-- Server version	9.1.0

/*!40101 SET @OLD_CHARACTER_SET_CLIENT=@@CHARACTER_SET_CLIENT */;
/*!40101 SET @OLD_CHARACTER_SET_RESULTS=@@CHARACTER_SET_RESULTS */;
/*!40101 SET @OLD_COLLATION_CONNECTION=@@COLLATION_CONNECTION */;
 SET NAMES utf8 ;
/*!40103 SET @OLD_TIME_ZONE=@@TIME_ZONE */;
/*!40103 SET TIME_ZONE='+00:00' */;
/*!40014 SET @OLD_UNIQUE_CHECKS=@@UNIQUE_CHECKS, UNIQUE_CHECKS=0 */;
/*!40014 SET @OLD_FOREIGN_KEY_CHECKS=@@FOREIGN_KEY_CHECKS, FOREIGN_KEY_CHECKS=0 */;
/*!40101 SET @OLD_SQL_MODE=@@SQL_MODE, SQL_MODE='NO_AUTO_VALUE_ON_ZERO' */;
/*!40111 SET @OLD_SQL_NOTES=@@SQL_NOTES, SQL_NOTES=0 */;

--
-- Table structure for table `canh_bao`
--

DROP TABLE IF EXISTS `canh_bao`;
/*!40101 SET @saved_cs_client     = @@character_set_client */;
 SET character_set_client = utf8mb4 ;
CREATE TABLE `canh_bao` (
  `id` bigint NOT NULL AUTO_INCREMENT,
  `loai` enum('device_offline','threshold_exceeded','rule_triggered','system_error','emergency') COLLATE utf8mb4_unicode_ci NOT NULL,
  `device_id` varchar(100) CHARACTER SET utf8mb4 COLLATE utf8mb4_unicode_ci DEFAULT NULL,
  `rule_id` int DEFAULT NULL,
  `tin_nhan` text CHARACTER SET utf8mb4 COLLATE utf8mb4_unicode_ci NOT NULL,
  `muc_do` enum('low','medium','high','critical') COLLATE utf8mb4_unicode_ci DEFAULT 'medium',
  `trang_thai` enum('new','acknowledged','resolved') COLLATE utf8mb4_unicode_ci DEFAULT 'new',
  `thoi_gian_tao` timestamp NULL DEFAULT CURRENT_TIMESTAMP,
  `thoi_gian_giai_quyet` timestamp NULL DEFAULT NULL,
  `nguoi_xu_ly` int DEFAULT NULL,
  `data_context` json DEFAULT NULL,
  PRIMARY KEY (`id`),
  KEY `idx_status_time` (`trang_thai`,`thoi_gian_tao`),
  KEY `idx_device_id` (`device_id`),
  KEY `idx_rule_id` (`rule_id`),
  KEY `idx_muc_do` (`muc_do`),
  KEY `canh_bao_user_fk` (`nguoi_xu_ly`),
  CONSTRAINT `canh_bao_device_fk` FOREIGN KEY (`device_id`) REFERENCES `thiet_bi` (`ma_thiet_bi`) ON DELETE SET NULL,
  CONSTRAINT `canh_bao_rule_fk` FOREIGN KEY (`rule_id`) REFERENCES `rule_thiet_bi` (`id`) ON DELETE SET NULL,
  CONSTRAINT `canh_bao_user_fk` FOREIGN KEY (`nguoi_xu_ly`) REFERENCES `nguoi_dung` (`id`) ON DELETE SET NULL
) ENGINE=InnoDB DEFAULT CHARSET=utf8mb4 COLLATE=utf8mb4_unicode_ci;
/*!40101 SET character_set_client = @saved_cs_client */;

--
-- Dumping data for table `canh_bao`
--

LOCK TABLES `canh_bao` WRITE;
/*!40000 ALTER TABLE `canh_bao` DISABLE KEYS */;
/*!40000 ALTER TABLE `canh_bao` ENABLE KEYS */;
UNLOCK TABLES;

--
-- Table structure for table `commands`
--

DROP TABLE IF EXISTS `commands`;
/*!40101 SET @saved_cs_client     = @@character_set_client */;
 SET character_set_client = utf8mb4 ;
CREATE TABLE `commands` (
  `id` int NOT NULL AUTO_INCREMENT,
  `device_id` varchar(255) NOT NULL,
  `command` varchar(100) NOT NULL,
  `payload` json DEFAULT NULL,
  `status` enum('pending','sent','acked','failed') DEFAULT 'pending',
  `rule_id` int DEFAULT NULL,
  `rule_action_id` int DEFAULT NULL,
  `created_at` datetime DEFAULT CURRENT_TIMESTAMP,
  `sent_at` datetime DEFAULT NULL,
  `acked_at` datetime DEFAULT NULL,
  `error_message` varchar(255) DEFAULT NULL,
  PRIMARY KEY (`id`)
) ENGINE=InnoDB AUTO_INCREMENT=951 DEFAULT CHARSET=utf8mb4 COLLATE=utf8mb4_0900_ai_ci;
/*!40101 SET character_set_client = @saved_cs_client */;

--
-- Dumping data for table `commands`
--

LOCK TABLES `commands` WRITE;
/*!40000 ALTER TABLE `commands` DISABLE KEYS */;
INSERT INTO `commands` VALUES (318,'b04490f4f52f4094900d95a30c9719f1','turn_off','{}','sent',11,7,'2025-09-15 08:17:49','2025-09-15 08:17:49',NULL,NULL),(319,'b04490f4f52f4094900d95a30c9719f1','turn_off','{}','sent',11,7,'2025-09-15 08:18:04','2025-09-15 08:18:04',NULL,NULL),(320,'b04490f4f52f4094900d95a30c9719f1','turn_off','{}','sent',11,7,'2025-09-15 08:18:09','2025-09-15 08:18:09',NULL,NULL),(321,'b04490f4f52f4094900d95a30c9719f1','turn_off','{}','sent',11,7,'2025-09-15 08:18:24','2025-09-15 08:18:24',NULL,NULL),(322,'b04490f4f52f4094900d95a30c9719f1','turn_off','{}','sent',11,7,'2025-09-15 08:18:28','2025-09-15 08:18:28',NULL,NULL),(323,'b04490f4f52f4094900d95a30c9719f1','turn_off','{}','sent',11,7,'2025-09-15 08:18:33','2025-09-15 08:18:33',NULL,NULL),(324,'b04490f4f52f4094900d95a30c9719f1','turn_off','{}','sent',11,7,'2025-09-15 08:18:43','2025-09-15 08:18:43',NULL,NULL),(325,'b04490f4f52f4094900d95a30c9719f1','turn_off','{}','sent',11,7,'2025-09-15 08:18:53','2025-09-15 08:18:53',NULL,NULL),(326,'b04490f4f52f4094900d95a30c9719f1','turn_off','{}','sent',11,7,'2025-09-15 08:18:58','2025-09-15 08:18:58',NULL,NULL),(327,'b04490f4f52f4094900d95a30c9719f1','turn_off','{}','sent',11,7,'2025-09-15 08:19:44','2025-09-15 08:19:44',NULL,NULL),(328,'b04490f4f52f4094900d95a30c9719f1','turn_off','{}','sent',11,7,'2025-09-15 08:19:49','2025-09-15 08:19:49',NULL,NULL),(329,'b04490f4f52f4094900d95a30c9719f1','turn_off','{}','sent',11,7,'2025-09-15 08:19:54','2025-09-15 08:19:54',NULL,NULL),(330,'b04490f4f52f4094900d95a30c9719f1','turn_off','{}','acked',11,7,'2025-09-15 08:19:59','2025-09-15 08:19:59','2025-09-15 08:19:59',NULL),(331,'b04490f4f52f4094900d95a30c9719f1','turn_off','{}','acked',11,7,'2025-09-15 08:20:09','2025-09-15 08:20:09','2025-09-15 08:20:09',NULL),(332,'b04490f4f52f4094900d95a30c9719f1','turn_off','{}','acked',11,7,'2025-09-15 08:20:14','2025-09-15 08:20:14','2025-09-15 08:20:14',NULL),(333,'b04490f4f52f4094900d95a30c9719f1','turn_off','{}','acked',11,7,'2025-09-15 08:20:19','2025-09-15 08:20:19','2025-09-15 08:20:19',NULL),(334,'b04490f4f52f4094900d95a30c9719f1','turn_off','{}','acked',11,7,'2025-09-15 08:20:24','2025-09-15 08:20:24','2025-09-15 08:20:24',NULL),(335,'b04490f4f52f4094900d95a30c9719f1','turn_off','{}','acked',11,7,'2025-09-15 08:20:29','2025-09-15 08:20:29','2025-09-15 08:20:29',NULL),(336,'b04490f4f52f4094900d95a30c9719f1','turn_off','{}','acked',11,7,'2025-09-15 08:20:39','2025-09-15 08:20:39','2025-09-15 08:20:39',NULL),(337,'b04490f4f52f4094900d95a30c9719f1','turn_off','{}','acked',11,7,'2025-09-15 08:20:44','2025-09-15 08:20:44','2025-09-15 08:20:44',NULL),(338,'b04490f4f52f4094900d95a30c9719f1','turn_off','{}','acked',11,7,'2025-09-15 08:20:49','2025-09-15 08:20:49','2025-09-15 08:20:49',NULL),(339,'b04490f4f52f4094900d95a30c9719f1','turn_off','{}','acked',11,7,'2025-09-15 08:20:54','2025-09-15 08:20:54','2025-09-15 08:20:54',NULL),(340,'b04490f4f52f4094900d95a30c9719f1','turn_off','{}','acked',11,7,'2025-09-15 08:20:59','2025-09-15 08:20:59','2025-09-15 08:20:59',NULL),(341,'b04490f4f52f4094900d95a30c9719f1','turn_off','{}','acked',11,7,'2025-09-15 08:21:09','2025-09-15 08:21:09','2025-09-15 08:21:09',NULL),(342,'b04490f4f52f4094900d95a30c9719f1','turn_off','{}','acked',11,7,'2025-09-15 08:21:14','2025-09-15 08:21:14','2025-09-15 08:21:14',NULL),(343,'b04490f4f52f4094900d95a30c9719f1','turn_off','{}','acked',11,7,'2025-09-15 08:21:24','2025-09-15 08:21:24','2025-09-15 08:21:24',NULL),(344,'b04490f4f52f4094900d95a30c9719f1','turn_off','{}','acked',11,7,'2025-09-15 08:21:39','2025-09-15 08:21:39','2025-09-15 08:21:39',NULL),(345,'b04490f4f52f4094900d95a30c9719f1','turn_off','{}','acked',11,7,'2025-09-15 08:21:44','2025-09-15 08:21:44','2025-09-15 08:21:44',NULL),(346,'b04490f4f52f4094900d95a30c9719f1','turn_off','{}','acked',11,7,'2025-09-15 08:21:54','2025-09-15 08:21:54','2025-09-15 08:21:54',NULL),(347,'b04490f4f52f4094900d95a30c9719f1','turn_off','{}','acked',11,7,'2025-09-15 08:21:59','2025-09-15 08:21:59','2025-09-15 08:21:59',NULL),(348,'b04490f4f52f4094900d95a30c9719f1','turn_off','{}','acked',11,7,'2025-09-15 08:22:04','2025-09-15 08:22:04','2025-09-15 08:22:04',NULL),(349,'b04490f4f52f4094900d95a30c9719f1','turn_off','{}','acked',11,7,'2025-09-15 08:22:09','2025-09-15 08:22:09','2025-09-15 08:22:09',NULL),(350,'b04490f4f52f4094900d95a30c9719f1','turn_off','{}','acked',11,7,'2025-09-15 08:22:14','2025-09-15 08:22:14','2025-09-15 08:22:14',NULL),(351,'b04490f4f52f4094900d95a30c9719f1','turn_off','{}','acked',11,7,'2025-09-15 08:22:19','2025-09-15 08:22:19','2025-09-15 08:22:19',NULL),(352,'b04490f4f52f4094900d95a30c9719f1','turn_off','{}','acked',11,7,'2025-09-15 08:22:24','2025-09-15 08:22:24','2025-09-15 08:22:24',NULL),(353,'b04490f4f52f4094900d95a30c9719f1','turn_off','{}','acked',11,7,'2025-09-15 08:22:29','2025-09-15 08:22:29','2025-09-15 08:22:29',NULL),(354,'b04490f4f52f4094900d95a30c9719f1','turn_off','{}','acked',11,7,'2025-09-15 08:22:34','2025-09-15 08:22:34','2025-09-15 08:22:34',NULL),(355,'b04490f4f52f4094900d95a30c9719f1','turn_off','{}','acked',11,7,'2025-09-15 08:22:44','2025-09-15 08:22:44','2025-09-15 08:22:44',NULL),(356,'b04490f4f52f4094900d95a30c9719f1','turn_off','{}','acked',11,7,'2025-09-15 08:22:54','2025-09-15 08:22:54','2025-09-15 08:22:54',NULL),(357,'b04490f4f52f4094900d95a30c9719f1','turn_off','{}','acked',11,7,'2025-09-15 08:22:59','2025-09-15 08:22:59','2025-09-15 08:22:59',NULL),(358,'b04490f4f52f4094900d95a30c9719f1','turn_off','{}','acked',11,7,'2025-09-15 08:23:04','2025-09-15 08:23:04','2025-09-15 08:23:04',NULL),(359,'b04490f4f52f4094900d95a30c9719f1','turn_off','{}','acked',11,7,'2025-09-15 08:23:09','2025-09-15 08:23:09','2025-09-15 08:23:09',NULL),(360,'b04490f4f52f4094900d95a30c9719f1','turn_off','{}','acked',11,7,'2025-09-15 08:23:14','2025-09-15 08:23:14','2025-09-15 08:23:14',NULL),(361,'b04490f4f52f4094900d95a30c9719f1','turn_off','{}','acked',11,7,'2025-09-15 08:23:19','2025-09-15 08:23:19','2025-09-15 08:23:19',NULL),(362,'b04490f4f52f4094900d95a30c9719f1','turn_off','{}','acked',11,7,'2025-09-15 08:23:24','2025-09-15 08:23:24','2025-09-15 08:23:24',NULL),(363,'b04490f4f52f4094900d95a30c9719f1','turn_off','{}','acked',11,7,'2025-09-15 08:23:29','2025-09-15 08:23:29','2025-09-15 08:23:29',NULL),(364,'b04490f4f52f4094900d95a30c9719f1','turn_off','{}','sent',11,7,'2025-09-15 08:34:10','2025-09-15 08:34:10',NULL,NULL),(365,'b04490f4f52f4094900d95a30c9719f1','turn_off','{}','sent',11,7,'2025-09-15 09:07:50','2025-09-15 09:07:50',NULL,NULL),(366,'b04490f4f52f4094900d95a30c9719f1','turn_off','{}','sent',11,7,'2025-09-15 09:07:55','2025-09-15 09:07:55',NULL,NULL),(367,'b04490f4f52f4094900d95a30c9719f1','turn_off','{}','sent',11,7,'2025-09-15 09:08:00','2025-09-15 09:08:00',NULL,NULL),(368,'b04490f4f52f4094900d95a30c9719f1','turn_off','{}','sent',11,7,'2025-09-15 09:12:49','2025-09-15 09:12:49',NULL,NULL),(369,'b04490f4f52f4094900d95a30c9719f1','turn_off','{}','sent',11,7,'2025-09-15 09:12:54','2025-09-15 09:12:54',NULL,NULL),(370,'b04490f4f52f4094900d95a30c9719f1','turn_off','{}','sent',11,7,'2025-09-15 09:13:04','2025-09-15 09:13:04',NULL,NULL),(371,'b04490f4f52f4094900d95a30c9719f1','turn_off','{}','sent',11,7,'2025-09-15 09:13:09','2025-09-15 09:13:09',NULL,NULL),(372,'b04490f4f52f4094900d95a30c9719f1','turn_off','{}','sent',11,7,'2025-09-15 09:13:19','2025-09-15 09:13:19',NULL,NULL),(373,'b04490f4f52f4094900d95a30c9719f1','turn_off','{}','sent',11,7,'2025-09-15 09:13:24','2025-09-15 09:13:24',NULL,NULL),(374,'b04490f4f52f4094900d95a30c9719f1','turn_off','{}','sent',11,7,'2025-09-15 09:13:34','2025-09-15 09:13:34',NULL,NULL),(375,'b04490f4f52f4094900d95a30c9719f1','turn_off','{}','sent',11,7,'2025-09-15 09:13:39','2025-09-15 09:13:39',NULL,NULL),(376,'b04490f4f52f4094900d95a30c9719f1','turn_off','{}','sent',11,7,'2025-09-15 09:13:49','2025-09-15 09:13:50',NULL,NULL),(377,'b04490f4f52f4094900d95a30c9719f1','turn_off','{}','sent',11,7,'2025-09-15 09:13:54','2025-09-15 09:13:55',NULL,NULL),(378,'b04490f4f52f4094900d95a30c9719f1','turn_off','{}','sent',11,7,'2025-09-15 09:20:13','2025-09-15 09:20:13',NULL,NULL),(379,'b04490f4f52f4094900d95a30c9719f1','turn_off','{}','sent',11,7,'2025-09-15 09:20:23','2025-09-15 09:20:23',NULL,NULL),(380,'b04490f4f52f4094900d95a30c9719f1','turn_off','{}','sent',11,7,'2025-09-15 09:20:33','2025-09-15 09:20:33',NULL,NULL),(381,'b04490f4f52f4094900d95a30c9719f1','turn_off','{}','sent',11,7,'2025-09-15 09:20:43','2025-09-15 09:20:43',NULL,NULL),(382,'b04490f4f52f4094900d95a30c9719f1','turn_off','{}','sent',11,7,'2025-09-15 09:24:35','2025-09-15 09:24:35',NULL,NULL),(383,'b04490f4f52f4094900d95a30c9719f1','turn_off','{}','sent',11,7,'2025-09-15 09:27:14','2025-09-15 09:27:14',NULL,NULL),(384,'b04490f4f52f4094900d95a30c9719f1','turn_off','{}','sent',11,7,'2025-09-15 09:27:19','2025-09-15 09:27:19',NULL,NULL),(385,'b04490f4f52f4094900d95a30c9719f1','turn_off','{}','sent',11,7,'2025-09-15 09:27:34','2025-09-15 09:27:34',NULL,NULL),(386,'b04490f4f52f4094900d95a30c9719f1','turn_off','{}','sent',11,7,'2025-09-15 09:27:39','2025-09-15 09:27:39',NULL,NULL),(387,'b04490f4f52f4094900d95a30c9719f1','turn_off','{}','sent',11,7,'2025-09-15 09:27:49','2025-09-15 09:27:49',NULL,NULL),(388,'b04490f4f52f4094900d95a30c9719f1','turn_off','{}','sent',11,7,'2025-09-15 09:28:04','2025-09-15 09:28:04',NULL,NULL),(389,'b04490f4f52f4094900d95a30c9719f1','turn_off','{}','sent',11,7,'2025-09-15 09:28:14','2025-09-15 09:28:14',NULL,NULL),(390,'b04490f4f52f4094900d95a30c9719f1','turn_off','{}','sent',11,7,'2025-09-15 09:28:29','2025-09-15 09:28:29',NULL,NULL),(391,'b04490f4f52f4094900d95a30c9719f1','turn_off','{}','sent',11,7,'2025-09-15 09:28:44','2025-09-15 09:28:44',NULL,NULL),(392,'b04490f4f52f4094900d95a30c9719f1','turn_off','{}','sent',11,7,'2025-09-15 09:29:04','2025-09-15 09:29:04',NULL,NULL),(393,'b04490f4f52f4094900d95a30c9719f1','turn_off','{}','sent',11,7,'2025-09-15 09:29:09','2025-09-15 09:29:09',NULL,NULL),(394,'b04490f4f52f4094900d95a30c9719f1','turn_off','{}','sent',11,7,'2025-09-15 09:29:14','2025-09-15 09:29:14',NULL,NULL),(395,'b04490f4f52f4094900d95a30c9719f1','turn_off','{}','sent',11,7,'2025-09-15 09:29:19','2025-09-15 09:29:19',NULL,NULL),(396,'b04490f4f52f4094900d95a30c9719f1','turn_off','{}','sent',11,7,'2025-09-15 09:29:24','2025-09-15 09:29:24',NULL,NULL),(397,'b04490f4f52f4094900d95a30c9719f1','turn_off','{}','sent',11,7,'2025-09-15 09:29:29','2025-09-15 09:29:29',NULL,NULL),(398,'b04490f4f52f4094900d95a30c9719f1','turn_off','{}','sent',11,7,'2025-09-15 09:29:34','2025-09-15 09:29:34',NULL,NULL),(399,'b04490f4f52f4094900d95a30c9719f1','turn_off','{}','sent',11,7,'2025-09-15 09:29:39','2025-09-15 09:29:39',NULL,NULL),(400,'b04490f4f52f4094900d95a30c9719f1','turn_off','{}','sent',11,7,'2025-09-15 09:29:49','2025-09-15 09:29:49',NULL,NULL),(401,'b04490f4f52f4094900d95a30c9719f1','turn_off','{}','sent',11,7,'2025-09-15 09:29:59','2025-09-15 09:29:59',NULL,NULL),(402,'b04490f4f52f4094900d95a30c9719f1','turn_off','{}','sent',11,7,'2025-09-15 09:30:04','2025-09-15 09:30:04',NULL,NULL),(403,'b04490f4f52f4094900d95a30c9719f1','turn_off','{}','sent',11,7,'2025-09-15 09:30:09','2025-09-15 09:30:09',NULL,NULL),(404,'b04490f4f52f4094900d95a30c9719f1','turn_off','{}','sent',11,7,'2025-09-15 09:30:14','2025-09-15 09:30:14',NULL,NULL),(405,'b04490f4f52f4094900d95a30c9719f1','turn_off','{}','sent',11,7,'2025-09-15 09:30:24','2025-09-15 09:30:24',NULL,NULL),(406,'b04490f4f52f4094900d95a30c9719f1','turn_off','{}','sent',11,7,'2025-09-15 09:30:29','2025-09-15 09:30:29',NULL,NULL),(407,'b04490f4f52f4094900d95a30c9719f1','turn_off','{}','sent',11,7,'2025-09-15 09:30:34','2025-09-15 09:30:34',NULL,NULL),(408,'b04490f4f52f4094900d95a30c9719f1','turn_off','{}','sent',11,7,'2025-09-15 09:30:39','2025-09-15 09:30:39',NULL,NULL),(409,'b04490f4f52f4094900d95a30c9719f1','turn_off','{}','sent',11,7,'2025-09-15 09:30:49','2025-09-15 09:30:49',NULL,NULL),(410,'b04490f4f52f4094900d95a30c9719f1','turn_off','{}','sent',11,7,'2025-09-15 09:31:04','2025-09-15 09:31:04',NULL,NULL),(411,'b04490f4f52f4094900d95a30c9719f1','turn_off','{}','sent',11,7,'2025-09-15 09:31:09','2025-09-15 09:31:09',NULL,NULL),(412,'b04490f4f52f4094900d95a30c9719f1','turn_off','{}','sent',11,7,'2025-09-15 09:31:34','2025-09-15 09:31:34',NULL,NULL),(413,'b04490f4f52f4094900d95a30c9719f1','turn_off','{}','sent',11,7,'2025-09-15 09:31:39','2025-09-15 09:31:39',NULL,NULL),(414,'b04490f4f52f4094900d95a30c9719f1','turn_off','{}','sent',11,7,'2025-09-15 09:31:44','2025-09-15 09:31:44',NULL,NULL),(415,'b04490f4f52f4094900d95a30c9719f1','turn_off','{}','sent',11,7,'2025-09-15 09:31:49','2025-09-15 09:31:49',NULL,NULL),(416,'b04490f4f52f4094900d95a30c9719f1','turn_off','{}','sent',11,7,'2025-09-15 09:31:59','2025-09-15 09:31:59',NULL,NULL),(417,'b04490f4f52f4094900d95a30c9719f1','turn_off','{}','sent',11,7,'2025-09-15 09:32:04','2025-09-15 09:32:04',NULL,NULL),(418,'b04490f4f52f4094900d95a30c9719f1','turn_off','{}','sent',11,7,'2025-09-15 09:32:24','2025-09-15 09:32:24',NULL,NULL),(419,'b04490f4f52f4094900d95a30c9719f1','turn_off','{}','sent',11,7,'2025-09-15 09:32:29','2025-09-15 09:32:29',NULL,NULL),(420,'b04490f4f52f4094900d95a30c9719f1','turn_off','{}','sent',11,7,'2025-09-15 09:32:39','2025-09-15 09:32:40',NULL,NULL),(421,'b04490f4f52f4094900d95a30c9719f1','turn_off','{}','sent',11,7,'2025-09-15 09:32:45','2025-09-15 09:32:45',NULL,NULL),(422,'b04490f4f52f4094900d95a30c9719f1','turn_off','{}','sent',11,7,'2025-09-15 09:49:18','2025-09-15 09:49:18',NULL,NULL),(423,'b04490f4f52f4094900d95a30c9719f1','turn_off','{}','sent',11,7,'2025-09-15 09:49:28','2025-09-15 09:49:28',NULL,NULL),(424,'b04490f4f52f4094900d95a30c9719f1','turn_off','{}','sent',11,7,'2025-09-15 10:21:27','2025-09-15 10:21:27',NULL,NULL),(425,'b04490f4f52f4094900d95a30c9719f1','turn_off','{}','sent',11,7,'2025-09-15 10:21:32','2025-09-15 10:21:32',NULL,NULL),(426,'b04490f4f52f4094900d95a30c9719f1','turn_off','{}','sent',11,7,'2025-09-15 10:21:37','2025-09-15 10:21:37',NULL,NULL),(427,'b04490f4f52f4094900d95a30c9719f1','turn_off','{}','sent',11,7,'2025-09-15 10:21:42','2025-09-15 10:21:42',NULL,NULL),(428,'b04490f4f52f4094900d95a30c9719f1','turn_off','{}','sent',11,7,'2025-09-15 10:21:47','2025-09-15 10:21:47',NULL,NULL),(429,'b04490f4f52f4094900d95a30c9719f1','turn_off','{}','sent',11,7,'2025-09-15 10:22:02','2025-09-15 10:22:02',NULL,NULL),(430,'b04490f4f52f4094900d95a30c9719f1','turn_off','{}','sent',11,7,'2025-09-15 10:22:07','2025-09-15 10:22:07',NULL,NULL),(431,'b04490f4f52f4094900d95a30c9719f1','turn_off','{}','sent',11,7,'2025-09-15 10:22:12','2025-09-15 10:22:12',NULL,NULL),(432,'b04490f4f52f4094900d95a30c9719f1','turn_off','{}','sent',11,7,'2025-09-15 10:22:17','2025-09-15 10:22:17',NULL,NULL),(433,'b04490f4f52f4094900d95a30c9719f1','turn_off','{}','sent',11,7,'2025-09-15 10:22:22','2025-09-15 10:22:22',NULL,NULL),(434,'b04490f4f52f4094900d95a30c9719f1','turn_off','{}','sent',11,7,'2025-09-15 10:22:37','2025-09-15 10:22:37',NULL,NULL),(435,'b04490f4f52f4094900d95a30c9719f1','turn_off','{}','sent',11,7,'2025-09-15 10:22:42','2025-09-15 10:22:42',NULL,NULL),(436,'b04490f4f52f4094900d95a30c9719f1','turn_off','{}','sent',11,7,'2025-09-15 10:22:47','2025-09-15 10:22:47',NULL,NULL),(437,'b04490f4f52f4094900d95a30c9719f1','turn_off','{}','sent',11,7,'2025-09-15 10:22:52','2025-09-15 10:22:52',NULL,NULL),(438,'b04490f4f52f4094900d95a30c9719f1','turn_off','{}','sent',11,7,'2025-09-15 10:22:57','2025-09-15 10:22:57',NULL,NULL),(439,'b04490f4f52f4094900d95a30c9719f1','turn_off','{}','sent',11,7,'2025-09-15 10:23:02','2025-09-15 10:23:02',NULL,NULL),(440,'b04490f4f52f4094900d95a30c9719f1','turn_off','{}','sent',11,7,'2025-09-15 10:23:22','2025-09-15 10:23:22',NULL,NULL),(441,'b04490f4f52f4094900d95a30c9719f1','turn_off','{}','sent',11,7,'2025-09-15 10:23:57','2025-09-15 10:23:57',NULL,NULL),(442,'b04490f4f52f4094900d95a30c9719f1','turn_off','{}','sent',11,7,'2025-09-15 10:24:02','2025-09-15 10:24:02',NULL,NULL),(443,'b04490f4f52f4094900d95a30c9719f1','turn_off','{}','sent',11,7,'2025-09-15 10:24:07','2025-09-15 10:24:07',NULL,NULL),(444,'b04490f4f52f4094900d95a30c9719f1','turn_off','{}','sent',11,7,'2025-09-15 10:24:12','2025-09-15 10:24:12',NULL,NULL),(445,'b04490f4f52f4094900d95a30c9719f1','turn_off','{}','sent',11,7,'2025-09-15 10:24:27','2025-09-15 10:24:27',NULL,NULL),(446,'b04490f4f52f4094900d95a30c9719f1','turn_off','{}','sent',11,7,'2025-09-15 10:24:37','2025-09-15 10:24:37',NULL,NULL),(447,'b04490f4f52f4094900d95a30c9719f1','turn_off','{}','sent',11,7,'2025-09-15 10:24:42','2025-09-15 10:24:42',NULL,NULL),(448,'b04490f4f52f4094900d95a30c9719f1','turn_off','{}','sent',11,7,'2025-09-15 10:24:47','2025-09-15 10:24:47',NULL,NULL),(449,'b04490f4f52f4094900d95a30c9719f1','turn_off','{}','sent',11,7,'2025-09-15 10:24:57','2025-09-15 10:24:57',NULL,NULL),(450,'b04490f4f52f4094900d95a30c9719f1','turn_off','{}','sent',11,7,'2025-09-15 10:25:07','2025-09-15 10:25:07',NULL,NULL),(451,'b04490f4f52f4094900d95a30c9719f1','turn_off','{}','sent',11,7,'2025-09-15 10:25:12','2025-09-15 10:25:12',NULL,NULL),(452,'b04490f4f52f4094900d95a30c9719f1','turn_off','{}','sent',11,7,'2025-09-15 10:25:17','2025-09-15 10:25:17',NULL,NULL),(453,'b04490f4f52f4094900d95a30c9719f1','turn_off','{}','sent',11,7,'2025-09-15 10:25:27','2025-09-15 10:25:27',NULL,NULL),(454,'b04490f4f52f4094900d95a30c9719f1','turn_off','{}','sent',11,7,'2025-09-15 10:25:32','2025-09-15 10:25:32',NULL,NULL),(455,'b04490f4f52f4094900d95a30c9719f1','turn_off','{}','sent',11,7,'2025-09-15 10:25:42','2025-09-15 10:25:42',NULL,NULL),(456,'b04490f4f52f4094900d95a30c9719f1','turn_off','{}','sent',11,7,'2025-09-15 10:25:47','2025-09-15 10:25:47',NULL,NULL),(457,'b04490f4f52f4094900d95a30c9719f1','turn_off','{}','sent',11,7,'2025-09-15 10:25:52','2025-09-15 10:25:52',NULL,NULL),(458,'b04490f4f52f4094900d95a30c9719f1','turn_off','{}','sent',11,7,'2025-09-15 10:26:07','2025-09-15 10:26:07',NULL,NULL),(459,'b04490f4f52f4094900d95a30c9719f1','turn_off','{}','sent',11,7,'2025-09-15 10:26:12','2025-09-15 10:26:12',NULL,NULL),(460,'b04490f4f52f4094900d95a30c9719f1','turn_off','{}','sent',11,7,'2025-09-15 10:26:22','2025-09-15 10:26:22',NULL,NULL),(461,'b04490f4f52f4094900d95a30c9719f1','turn_off','{}','sent',11,7,'2025-09-15 10:26:27','2025-09-15 10:26:27',NULL,NULL),(462,'b04490f4f52f4094900d95a30c9719f1','turn_off','{}','sent',11,7,'2025-09-15 10:26:37','2025-09-15 10:26:37',NULL,NULL),(463,'b04490f4f52f4094900d95a30c9719f1','turn_off','{}','sent',11,7,'2025-09-15 10:26:42','2025-09-15 10:26:42',NULL,NULL),(464,'b04490f4f52f4094900d95a30c9719f1','turn_off','{}','sent',11,7,'2025-09-15 10:26:47','2025-09-15 10:26:47',NULL,NULL),(465,'b04490f4f52f4094900d95a30c9719f1','turn_off','{}','sent',11,7,'2025-09-15 10:26:52','2025-09-15 10:26:52',NULL,NULL),(466,'b04490f4f52f4094900d95a30c9719f1','turn_off','{}','sent',11,7,'2025-09-15 10:26:57','2025-09-15 10:26:57',NULL,NULL),(467,'b04490f4f52f4094900d95a30c9719f1','turn_off','{}','sent',11,7,'2025-09-15 10:27:02','2025-09-15 10:27:02',NULL,NULL),(468,'b04490f4f52f4094900d95a30c9719f1','turn_off','{}','sent',11,7,'2025-09-15 10:27:12','2025-09-15 10:27:12',NULL,NULL),(469,'b04490f4f52f4094900d95a30c9719f1','turn_off','{}','sent',11,7,'2025-09-15 10:27:22','2025-09-15 10:27:22',NULL,NULL),(470,'b04490f4f52f4094900d95a30c9719f1','turn_off','{}','sent',11,7,'2025-09-15 10:27:27','2025-09-15 10:27:27',NULL,NULL),(471,'b04490f4f52f4094900d95a30c9719f1','turn_off','{}','sent',11,7,'2025-09-15 10:27:32','2025-09-15 10:27:32',NULL,NULL),(472,'b04490f4f52f4094900d95a30c9719f1','turn_off','{}','sent',11,7,'2025-09-15 10:27:37','2025-09-15 10:27:37',NULL,NULL),(473,'b04490f4f52f4094900d95a30c9719f1','turn_off','{}','sent',11,7,'2025-09-15 10:27:47','2025-09-15 10:27:47',NULL,NULL),(474,'b04490f4f52f4094900d95a30c9719f1','turn_off','{}','sent',11,7,'2025-09-15 10:27:52','2025-09-15 10:27:52',NULL,NULL),(475,'b04490f4f52f4094900d95a30c9719f1','turn_off','{}','sent',11,7,'2025-09-15 10:27:57','2025-09-15 10:27:57',NULL,NULL),(476,'b04490f4f52f4094900d95a30c9719f1','turn_off','{}','sent',11,7,'2025-09-15 10:28:02','2025-09-15 10:28:02',NULL,NULL),(477,'b04490f4f52f4094900d95a30c9719f1','turn_off','{}','sent',11,7,'2025-09-15 10:28:07','2025-09-15 10:28:07',NULL,NULL),(478,'b04490f4f52f4094900d95a30c9719f1','turn_off','{}','sent',11,7,'2025-09-15 10:28:12','2025-09-15 10:28:12',NULL,NULL),(479,'b04490f4f52f4094900d95a30c9719f1','turn_off','{}','sent',11,7,'2025-09-15 10:28:37','2025-09-15 10:28:37',NULL,NULL),(480,'b04490f4f52f4094900d95a30c9719f1','turn_off','{}','sent',11,7,'2025-09-15 10:28:42','2025-09-15 10:28:42',NULL,NULL),(481,'b04490f4f52f4094900d95a30c9719f1','turn_off','{}','sent',11,7,'2025-09-15 10:28:57','2025-09-15 10:28:57',NULL,NULL),(482,'b04490f4f52f4094900d95a30c9719f1','turn_off','{}','sent',11,7,'2025-09-15 10:29:28','2025-09-15 10:29:28',NULL,NULL),(483,'b04490f4f52f4094900d95a30c9719f1','turn_off','{}','sent',11,7,'2025-09-15 10:29:33','2025-09-15 10:29:33',NULL,NULL),(484,'b04490f4f52f4094900d95a30c9719f1','turn_off','{}','sent',11,7,'2025-09-15 10:29:38','2025-09-15 10:29:38',NULL,NULL),(485,'b04490f4f52f4094900d95a30c9719f1','turn_off','{}','sent',11,7,'2025-09-15 10:29:48','2025-09-15 10:29:48',NULL,NULL),(486,'b04490f4f52f4094900d95a30c9719f1','turn_off','{}','sent',11,7,'2025-09-15 10:29:58','2025-09-15 10:29:58',NULL,NULL),(487,'b04490f4f52f4094900d95a30c9719f1','turn_off','{}','sent',11,7,'2025-09-15 10:30:18','2025-09-15 10:30:18',NULL,NULL),(488,'b04490f4f52f4094900d95a30c9719f1','turn_off','{}','sent',11,7,'2025-09-15 10:30:23','2025-09-15 10:30:23',NULL,NULL),(489,'b04490f4f52f4094900d95a30c9719f1','turn_off','{}','sent',11,7,'2025-09-15 10:30:28','2025-09-15 10:30:28',NULL,NULL),(490,'b04490f4f52f4094900d95a30c9719f1','turn_off','{}','sent',11,7,'2025-09-15 10:30:48','2025-09-15 10:30:48',NULL,NULL),(491,'b04490f4f52f4094900d95a30c9719f1','turn_off','{}','sent',11,7,'2025-09-15 10:30:53','2025-09-15 10:30:53',NULL,NULL),(492,'b04490f4f52f4094900d95a30c9719f1','turn_off','{}','sent',11,7,'2025-09-15 10:30:58','2025-09-15 10:30:58',NULL,NULL),(493,'b04490f4f52f4094900d95a30c9719f1','turn_off','{}','sent',11,7,'2025-09-15 10:31:13','2025-09-15 10:31:13',NULL,NULL),(494,'b04490f4f52f4094900d95a30c9719f1','turn_off','{}','sent',11,7,'2025-09-15 10:31:18','2025-09-15 10:31:18',NULL,NULL),(495,'b04490f4f52f4094900d95a30c9719f1','turn_off','{}','sent',11,7,'2025-09-15 10:31:23','2025-09-15 10:31:23',NULL,NULL),(496,'b04490f4f52f4094900d95a30c9719f1','turn_off','{}','sent',11,7,'2025-09-15 10:31:33','2025-09-15 10:31:33',NULL,NULL),(497,'b04490f4f52f4094900d95a30c9719f1','turn_off','{}','sent',11,7,'2025-09-15 10:31:38','2025-09-15 10:31:38',NULL,NULL),(498,'b04490f4f52f4094900d95a30c9719f1','turn_off','{}','sent',11,7,'2025-09-15 10:31:43','2025-09-15 10:31:43',NULL,NULL),(499,'b04490f4f52f4094900d95a30c9719f1','turn_off','{}','sent',11,7,'2025-09-15 10:31:48','2025-09-15 10:31:48',NULL,NULL),(500,'b04490f4f52f4094900d95a30c9719f1','turn_off','{}','sent',11,7,'2025-09-15 10:31:58','2025-09-15 10:31:58',NULL,NULL),(501,'b04490f4f52f4094900d95a30c9719f1','turn_off','{}','sent',11,7,'2025-09-15 10:32:03','2025-09-15 10:32:03',NULL,NULL),(502,'b04490f4f52f4094900d95a30c9719f1','turn_off','{}','sent',11,7,'2025-09-15 10:32:13','2025-09-15 10:32:13',NULL,NULL),(503,'b04490f4f52f4094900d95a30c9719f1','turn_off','{}','sent',11,7,'2025-09-15 10:32:23','2025-09-15 10:32:23',NULL,NULL),(504,'b04490f4f52f4094900d95a30c9719f1','turn_off','{}','sent',11,7,'2025-09-15 10:32:28','2025-09-15 10:32:28',NULL,NULL),(505,'b04490f4f52f4094900d95a30c9719f1','turn_off','{}','sent',11,7,'2025-09-15 10:32:33','2025-09-15 10:32:33',NULL,NULL),(506,'b04490f4f52f4094900d95a30c9719f1','turn_off','{}','sent',11,7,'2025-09-15 10:32:38','2025-09-15 10:32:38',NULL,NULL),(507,'b04490f4f52f4094900d95a30c9719f1','turn_off','{}','sent',11,7,'2025-09-15 10:32:48','2025-09-15 10:32:48',NULL,NULL),(508,'b04490f4f52f4094900d95a30c9719f1','turn_off','{}','sent',11,7,'2025-09-15 10:32:53','2025-09-15 10:32:53',NULL,NULL),(509,'b04490f4f52f4094900d95a30c9719f1','turn_off','{}','sent',11,7,'2025-09-15 10:32:58','2025-09-15 10:32:58',NULL,NULL),(510,'b04490f4f52f4094900d95a30c9719f1','turn_off','{}','sent',11,7,'2025-09-15 10:33:08','2025-09-15 10:33:08',NULL,NULL),(511,'b04490f4f52f4094900d95a30c9719f1','turn_off','{}','sent',11,7,'2025-09-15 10:33:18','2025-09-15 10:33:18',NULL,NULL),(512,'b04490f4f52f4094900d95a30c9719f1','turn_off','{}','sent',11,7,'2025-09-15 10:33:23','2025-09-15 10:33:23',NULL,NULL),(513,'b04490f4f52f4094900d95a30c9719f1','turn_off','{}','sent',11,7,'2025-09-15 10:33:33','2025-09-15 10:33:33',NULL,NULL),(514,'b04490f4f52f4094900d95a30c9719f1','turn_off','{}','sent',11,7,'2025-09-15 10:33:38','2025-09-15 10:33:38',NULL,NULL),(515,'b04490f4f52f4094900d95a30c9719f1','turn_off','{}','sent',11,7,'2025-09-15 10:33:43','2025-09-15 10:33:43',NULL,NULL),(516,'b04490f4f52f4094900d95a30c9719f1','turn_off','{}','sent',11,7,'2025-09-15 10:33:53','2025-09-15 10:33:53',NULL,NULL),(517,'b04490f4f52f4094900d95a30c9719f1','turn_off','{}','sent',11,7,'2025-09-15 10:33:58','2025-09-15 10:33:58',NULL,NULL),(518,'b04490f4f52f4094900d95a30c9719f1','turn_off','{}','sent',11,7,'2025-09-15 10:34:03','2025-09-15 10:34:03',NULL,NULL),(519,'b04490f4f52f4094900d95a30c9719f1','turn_off','{}','sent',11,7,'2025-09-15 10:34:13','2025-09-15 10:34:13',NULL,NULL),(520,'b04490f4f52f4094900d95a30c9719f1','turn_off','{}','sent',11,7,'2025-09-15 10:34:28','2025-09-15 10:34:28',NULL,NULL),(521,'b04490f4f52f4094900d95a30c9719f1','turn_off','{}','sent',11,7,'2025-09-15 10:34:43','2025-09-15 10:34:43',NULL,NULL),(522,'b04490f4f52f4094900d95a30c9719f1','turn_off','{}','sent',11,7,'2025-09-15 10:34:48','2025-09-15 10:34:48',NULL,NULL),(523,'b04490f4f52f4094900d95a30c9719f1','turn_off','{}','sent',11,7,'2025-09-15 10:34:53','2025-09-15 10:34:53',NULL,NULL),(524,'b04490f4f52f4094900d95a30c9719f1','turn_off','{}','sent',11,7,'2025-09-15 10:34:58','2025-09-15 10:34:58',NULL,NULL),(525,'b04490f4f52f4094900d95a30c9719f1','turn_off','{}','sent',11,7,'2025-09-15 10:35:03','2025-09-15 10:35:03',NULL,NULL),(526,'b04490f4f52f4094900d95a30c9719f1','turn_off','{}','sent',11,7,'2025-09-15 10:35:08','2025-09-15 10:35:08',NULL,NULL),(527,'b04490f4f52f4094900d95a30c9719f1','turn_off','{}','sent',11,7,'2025-09-15 10:35:13','2025-09-15 10:35:13',NULL,NULL),(528,'b04490f4f52f4094900d95a30c9719f1','turn_off','{}','sent',11,7,'2025-09-15 10:35:18','2025-09-15 10:35:18',NULL,NULL),(529,'b04490f4f52f4094900d95a30c9719f1','turn_off','{}','sent',11,7,'2025-09-15 10:35:33','2025-09-15 10:35:33',NULL,NULL),(530,'b04490f4f52f4094900d95a30c9719f1','turn_off','{}','sent',11,7,'2025-09-15 10:35:38','2025-09-15 10:35:38',NULL,NULL),(531,'b04490f4f52f4094900d95a30c9719f1','turn_off','{}','sent',11,7,'2025-09-15 10:35:43','2025-09-15 10:35:43',NULL,NULL),(532,'b04490f4f52f4094900d95a30c9719f1','turn_off','{}','sent',11,7,'2025-09-15 10:35:53','2025-09-15 10:35:53',NULL,NULL),(533,'b04490f4f52f4094900d95a30c9719f1','turn_off','{}','sent',11,7,'2025-09-15 10:36:03','2025-09-15 10:36:03',NULL,NULL),(534,'b04490f4f52f4094900d95a30c9719f1','turn_off','{}','sent',11,7,'2025-09-15 10:36:08','2025-09-15 10:36:08',NULL,NULL),(535,'b04490f4f52f4094900d95a30c9719f1','turn_off','{}','sent',11,7,'2025-09-15 10:36:13','2025-09-15 10:36:13',NULL,NULL),(536,'b04490f4f52f4094900d95a30c9719f1','turn_off','{}','sent',11,7,'2025-09-15 10:36:18','2025-09-15 10:36:18',NULL,NULL),(537,'b04490f4f52f4094900d95a30c9719f1','turn_off','{}','sent',11,7,'2025-09-15 10:36:23','2025-09-15 10:36:23',NULL,NULL),(538,'b04490f4f52f4094900d95a30c9719f1','turn_off','{}','sent',11,7,'2025-09-15 10:36:29','2025-09-15 10:36:31',NULL,NULL),(539,'b04490f4f52f4094900d95a30c9719f1','turn_off','{}','sent',11,7,'2025-09-15 10:36:34','2025-09-15 10:36:35',NULL,NULL),(540,'b04490f4f52f4094900d95a30c9719f1','turn_off','{}','sent',11,7,'2025-09-15 10:36:38','2025-09-15 10:36:38',NULL,NULL),(541,'b04490f4f52f4094900d95a30c9719f1','turn_off','{}','sent',11,7,'2025-09-15 10:36:53','2025-09-15 10:36:53',NULL,NULL),(542,'b04490f4f52f4094900d95a30c9719f1','turn_off','{}','sent',11,7,'2025-09-15 10:36:58','2025-09-15 10:36:58',NULL,NULL),(543,'b04490f4f52f4094900d95a30c9719f1','turn_off','{}','sent',11,7,'2025-09-15 10:37:03','2025-09-15 10:37:03',NULL,NULL),(544,'b04490f4f52f4094900d95a30c9719f1','turn_off','{}','sent',11,7,'2025-09-15 10:37:08','2025-09-15 10:37:08',NULL,NULL),(545,'b04490f4f52f4094900d95a30c9719f1','turn_off','{}','sent',11,7,'2025-09-15 10:37:13','2025-09-15 10:37:13',NULL,NULL),(546,'b04490f4f52f4094900d95a30c9719f1','turn_off','{}','sent',11,7,'2025-09-15 10:37:18','2025-09-15 10:37:18',NULL,NULL),(547,'b04490f4f52f4094900d95a30c9719f1','turn_off','{}','sent',11,7,'2025-09-15 10:37:28','2025-09-15 10:37:28',NULL,NULL),(548,'b04490f4f52f4094900d95a30c9719f1','turn_off','{}','sent',11,7,'2025-09-15 10:37:43','2025-09-15 10:37:43',NULL,NULL),(549,'b04490f4f52f4094900d95a30c9719f1','turn_off','{}','sent',11,7,'2025-09-15 10:37:48','2025-09-15 10:37:48',NULL,NULL),(550,'b04490f4f52f4094900d95a30c9719f1','turn_off','{}','sent',11,7,'2025-09-15 10:37:53','2025-09-15 10:37:53',NULL,NULL),(551,'b04490f4f52f4094900d95a30c9719f1','turn_off','{}','sent',11,7,'2025-09-15 10:37:58','2025-09-15 10:37:58',NULL,NULL),(552,'b04490f4f52f4094900d95a30c9719f1','turn_off','{}','sent',11,7,'2025-09-15 10:38:08','2025-09-15 10:38:08',NULL,NULL),(553,'b04490f4f52f4094900d95a30c9719f1','turn_off','{}','sent',11,7,'2025-09-15 10:38:13','2025-09-15 10:38:13',NULL,NULL),(554,'b04490f4f52f4094900d95a30c9719f1','turn_off','{}','sent',11,7,'2025-09-15 10:38:18','2025-09-15 10:38:18',NULL,NULL),(555,'b04490f4f52f4094900d95a30c9719f1','turn_off','{}','sent',11,7,'2025-09-15 10:38:23','2025-09-15 10:38:23',NULL,NULL),(556,'b04490f4f52f4094900d95a30c9719f1','turn_off','{}','sent',11,7,'2025-09-15 10:38:30','2025-09-15 10:38:32',NULL,NULL),(557,'b04490f4f52f4094900d95a30c9719f1','turn_off','{}','sent',11,7,'2025-09-15 10:38:43','2025-09-15 10:38:43',NULL,NULL),(558,'b04490f4f52f4094900d95a30c9719f1','turn_off','{}','sent',11,7,'2025-09-15 10:38:48','2025-09-15 10:38:48',NULL,NULL),(559,'b04490f4f52f4094900d95a30c9719f1','turn_off','{}','sent',11,7,'2025-09-15 10:38:55','2025-09-15 10:38:55',NULL,NULL),(560,'b04490f4f52f4094900d95a30c9719f1','turn_off','{}','sent',11,7,'2025-09-15 10:38:58','2025-09-15 10:38:58',NULL,NULL),(561,'b04490f4f52f4094900d95a30c9719f1','turn_off','{}','sent',11,7,'2025-09-15 10:39:03','2025-09-15 10:39:04',NULL,NULL),(562,'b04490f4f52f4094900d95a30c9719f1','turn_off','{}','sent',11,7,'2025-09-15 10:39:09','2025-09-15 10:39:09',NULL,NULL),(563,'b04490f4f52f4094900d95a30c9719f1','turn_off','{}','sent',11,7,'2025-09-15 10:39:36','2025-09-15 10:39:36',NULL,NULL),(564,'b04490f4f52f4094900d95a30c9719f1','turn_off','{}','sent',11,7,'2025-09-15 10:39:39','2025-09-15 10:39:39',NULL,NULL),(565,'b04490f4f52f4094900d95a30c9719f1','turn_off','{}','sent',11,7,'2025-09-15 10:39:44','2025-09-15 10:39:44',NULL,NULL),(566,'b04490f4f52f4094900d95a30c9719f1','turn_off','{}','sent',11,7,'2025-09-15 10:39:49','2025-09-15 10:39:49',NULL,NULL),(567,'b04490f4f52f4094900d95a30c9719f1','turn_off','{}','sent',11,7,'2025-09-15 10:39:54','2025-09-15 10:39:54',NULL,NULL),(568,'b04490f4f52f4094900d95a30c9719f1','turn_off','{}','sent',11,7,'2025-09-15 10:39:59','2025-09-15 10:39:59',NULL,NULL),(569,'b04490f4f52f4094900d95a30c9719f1','turn_off','{}','sent',11,7,'2025-09-15 10:40:04','2025-09-15 10:40:04',NULL,NULL),(570,'b04490f4f52f4094900d95a30c9719f1','turn_off','{}','sent',11,7,'2025-09-15 10:40:09','2025-09-15 10:40:09',NULL,NULL),(571,'b04490f4f52f4094900d95a30c9719f1','turn_off','{}','sent',11,7,'2025-09-15 10:40:24','2025-09-15 10:40:24',NULL,NULL),(572,'b04490f4f52f4094900d95a30c9719f1','turn_off','{}','sent',11,7,'2025-09-15 10:40:29','2025-09-15 10:40:29',NULL,NULL),(573,'b04490f4f52f4094900d95a30c9719f1','turn_off','{}','sent',11,7,'2025-09-15 10:40:34','2025-09-15 10:40:34',NULL,NULL),(574,'b04490f4f52f4094900d95a30c9719f1','turn_off','{}','sent',11,7,'2025-09-15 10:40:39','2025-09-15 10:40:39',NULL,NULL),(575,'b04490f4f52f4094900d95a30c9719f1','turn_off','{}','sent',11,7,'2025-09-15 15:42:00','2025-09-15 15:42:00',NULL,NULL),(576,'b04490f4f52f4094900d95a30c9719f1','turn_off','{}','sent',11,7,'2025-09-15 15:48:43','2025-09-15 15:48:43',NULL,NULL),(577,'b04490f4f52f4094900d95a30c9719f1','turn_off','{}','sent',11,7,'2025-09-15 15:48:48','2025-09-15 15:48:48',NULL,NULL),(578,'b04490f4f52f4094900d95a30c9719f1','turn_off','{}','sent',11,7,'2025-09-15 15:49:08','2025-09-15 15:49:08',NULL,NULL),(579,'b04490f4f52f4094900d95a30c9719f1','turn_off','{}','sent',11,7,'2025-09-15 15:49:24','2025-09-15 15:49:27',NULL,NULL),(580,'b04490f4f52f4094900d95a30c9719f1','turn_off','{}','sent',11,7,'2025-09-15 15:49:34','2025-09-15 15:49:37',NULL,NULL),(581,'b04490f4f52f4094900d95a30c9719f1','turn_off','{}','sent',11,7,'2025-09-15 15:49:43','2025-09-15 15:49:43',NULL,NULL),(582,'b04490f4f52f4094900d95a30c9719f1','turn_off','{}','sent',11,7,'2025-09-15 15:49:53','2025-09-15 15:49:53',NULL,NULL),(583,'b04490f4f52f4094900d95a30c9719f1','turn_off','{}','sent',11,7,'2025-09-15 15:50:13','2025-09-15 15:50:13',NULL,NULL),(584,'b04490f4f52f4094900d95a30c9719f1','turn_off','{}','sent',11,7,'2025-09-15 15:50:18','2025-09-15 15:50:18',NULL,NULL),(585,'b04490f4f52f4094900d95a30c9719f1','turn_off','{}','sent',11,7,'2025-09-15 15:50:23','2025-09-15 15:50:23',NULL,NULL),(586,'b04490f4f52f4094900d95a30c9719f1','turn_off','{}','sent',11,7,'2025-09-15 15:50:33','2025-09-15 15:50:33',NULL,NULL),(587,'b04490f4f52f4094900d95a30c9719f1','turn_off','{}','sent',11,7,'2025-09-15 15:50:43','2025-09-15 15:50:43',NULL,NULL),(588,'b04490f4f52f4094900d95a30c9719f1','turn_off','{}','sent',11,7,'2025-09-15 15:50:53','2025-09-15 15:50:53',NULL,NULL),(589,'b04490f4f52f4094900d95a30c9719f1','turn_off','{}','sent',11,7,'2025-09-15 15:50:58','2025-09-15 15:50:58',NULL,NULL),(590,'b04490f4f52f4094900d95a30c9719f1','turn_off','{}','sent',11,7,'2025-09-15 15:51:13','2025-09-15 15:51:13',NULL,NULL),(591,'b04490f4f52f4094900d95a30c9719f1','turn_off','{}','sent',11,7,'2025-09-15 15:51:48','2025-09-15 15:51:48',NULL,NULL),(592,'b04490f4f52f4094900d95a30c9719f1','turn_off','{}','sent',11,7,'2025-09-15 15:51:53','2025-09-15 15:51:53',NULL,NULL),(593,'b04490f4f52f4094900d95a30c9719f1','turn_off','{}','sent',11,7,'2025-09-15 15:51:58','2025-09-15 15:51:58',NULL,NULL),(594,'b04490f4f52f4094900d95a30c9719f1','turn_off','{}','sent',11,7,'2025-09-15 15:52:03','2025-09-15 15:52:03',NULL,NULL),(595,'b04490f4f52f4094900d95a30c9719f1','turn_off','{}','sent',11,7,'2025-09-15 15:52:18','2025-09-15 15:52:18',NULL,NULL),(596,'b04490f4f52f4094900d95a30c9719f1','turn_off','{}','sent',11,7,'2025-09-15 15:52:23','2025-09-15 15:52:23',NULL,NULL),(597,'b04490f4f52f4094900d95a30c9719f1','turn_off','{}','sent',11,7,'2025-09-15 15:52:28','2025-09-15 15:52:28',NULL,NULL),(598,'b04490f4f52f4094900d95a30c9719f1','turn_off','{}','sent',11,7,'2025-09-15 15:52:33','2025-09-15 15:52:33',NULL,NULL),(599,'b04490f4f52f4094900d95a30c9719f1','turn_off','{}','sent',11,7,'2025-09-15 15:52:38','2025-09-15 15:52:38',NULL,NULL),(600,'b04490f4f52f4094900d95a30c9719f1','turn_off','{}','sent',11,7,'2025-09-15 15:53:08','2025-09-15 15:53:08',NULL,NULL),(601,'b04490f4f52f4094900d95a30c9719f1','turn_off','{}','sent',11,7,'2025-09-15 15:53:18','2025-09-15 15:53:18',NULL,NULL),(602,'b04490f4f52f4094900d95a30c9719f1','turn_off','{}','sent',11,7,'2025-09-15 15:53:28','2025-09-15 15:53:28',NULL,NULL),(603,'b04490f4f52f4094900d95a30c9719f1','turn_off','{}','sent',11,7,'2025-09-15 15:53:38','2025-09-15 15:53:38',NULL,NULL),(604,'b04490f4f52f4094900d95a30c9719f1','turn_off','{}','sent',11,7,'2025-09-15 15:53:43','2025-09-15 15:53:43',NULL,NULL),(605,'b04490f4f52f4094900d95a30c9719f1','turn_off','{}','sent',11,7,'2025-09-15 15:53:48','2025-09-15 15:53:48',NULL,NULL),(606,'b04490f4f52f4094900d95a30c9719f1','turn_off','{}','sent',11,7,'2025-09-15 15:53:53','2025-09-15 15:53:53',NULL,NULL),(607,'b04490f4f52f4094900d95a30c9719f1','turn_off','{}','sent',11,7,'2025-09-15 15:53:58','2025-09-15 15:53:58',NULL,NULL),(608,'b04490f4f52f4094900d95a30c9719f1','turn_off','{}','sent',11,7,'2025-09-15 15:54:03','2025-09-15 15:54:03',NULL,NULL),(609,'b04490f4f52f4094900d95a30c9719f1','turn_off','{}','sent',11,7,'2025-09-15 15:54:13','2025-09-15 15:54:13',NULL,NULL),(610,'b04490f4f52f4094900d95a30c9719f1','turn_off','{}','sent',11,7,'2025-09-15 15:54:23','2025-09-15 15:54:23',NULL,NULL),(611,'b04490f4f52f4094900d95a30c9719f1','turn_off','{}','sent',11,7,'2025-09-15 15:54:38','2025-09-15 15:54:38',NULL,NULL),(612,'b04490f4f52f4094900d95a30c9719f1','turn_off','{}','sent',11,7,'2025-09-15 15:54:48','2025-09-15 15:54:48',NULL,NULL),(613,'b04490f4f52f4094900d95a30c9719f1','turn_off','{}','sent',11,7,'2025-09-15 15:54:53','2025-09-15 15:54:53',NULL,NULL),(614,'b04490f4f52f4094900d95a30c9719f1','turn_off','{}','sent',11,7,'2025-09-15 15:54:58','2025-09-15 15:54:58',NULL,NULL),(615,'b04490f4f52f4094900d95a30c9719f1','turn_off','{}','sent',11,7,'2025-09-15 15:55:13','2025-09-15 15:55:13',NULL,NULL),(616,'b04490f4f52f4094900d95a30c9719f1','turn_off','{}','sent',11,7,'2025-09-15 15:55:23','2025-09-15 15:55:23',NULL,NULL),(617,'b04490f4f52f4094900d95a30c9719f1','turn_off','{}','sent',11,7,'2025-09-15 15:55:28','2025-09-15 15:55:29',NULL,NULL),(618,'b04490f4f52f4094900d95a30c9719f1','turn_off','{}','sent',11,7,'2025-09-15 15:55:33','2025-09-15 15:55:34',NULL,NULL),(619,'b04490f4f52f4094900d95a30c9719f1','turn_off','{}','sent',11,7,'2025-09-15 15:55:44','2025-09-15 15:55:44',NULL,NULL),(620,'b04490f4f52f4094900d95a30c9719f1','turn_off','{}','sent',11,7,'2025-09-15 15:55:49','2025-09-15 15:55:49',NULL,NULL),(621,'b04490f4f52f4094900d95a30c9719f1','turn_off','{}','sent',11,7,'2025-09-15 15:55:59','2025-09-15 15:55:59',NULL,NULL),(622,'b04490f4f52f4094900d95a30c9719f1','turn_off','{}','sent',11,7,'2025-09-15 15:56:04','2025-09-15 15:56:04',NULL,NULL),(623,'b04490f4f52f4094900d95a30c9719f1','turn_off','{}','sent',11,7,'2025-09-15 15:56:09','2025-09-15 15:56:09',NULL,NULL),(624,'b04490f4f52f4094900d95a30c9719f1','turn_off','{}','sent',11,7,'2025-09-15 15:56:19','2025-09-15 15:56:19',NULL,NULL),(625,'b04490f4f52f4094900d95a30c9719f1','turn_off','{}','sent',11,7,'2025-09-15 15:56:29','2025-09-15 15:56:29',NULL,NULL),(626,'b04490f4f52f4094900d95a30c9719f1','turn_off','{}','sent',11,7,'2025-09-15 15:56:59','2025-09-15 15:56:59',NULL,NULL),(627,'b04490f4f52f4094900d95a30c9719f1','turn_off','{}','sent',11,7,'2025-09-15 15:57:04','2025-09-15 15:57:04',NULL,NULL),(628,'b04490f4f52f4094900d95a30c9719f1','turn_off','{}','sent',11,7,'2025-09-15 15:57:09','2025-09-15 15:57:09',NULL,NULL),(629,'b04490f4f52f4094900d95a30c9719f1','turn_off','{}','sent',11,7,'2025-09-15 15:57:19','2025-09-15 15:57:19',NULL,NULL),(630,'b04490f4f52f4094900d95a30c9719f1','turn_off','{}','sent',11,7,'2025-09-15 15:57:24','2025-09-15 15:57:24',NULL,NULL),(631,'b04490f4f52f4094900d95a30c9719f1','turn_off','{}','sent',11,7,'2025-09-15 15:57:29','2025-09-15 15:57:29',NULL,NULL),(632,'b04490f4f52f4094900d95a30c9719f1','turn_off','{}','sent',11,7,'2025-09-15 15:57:34','2025-09-15 15:57:34',NULL,NULL),(633,'b04490f4f52f4094900d95a30c9719f1','turn_off','{}','sent',11,7,'2025-09-15 15:57:39','2025-09-15 15:57:39',NULL,NULL),(634,'b04490f4f52f4094900d95a30c9719f1','turn_off','{}','sent',11,7,'2025-09-15 15:57:49','2025-09-15 15:57:49',NULL,NULL),(635,'b04490f4f52f4094900d95a30c9719f1','turn_off','{}','sent',11,7,'2025-09-15 15:57:54','2025-09-15 15:57:54',NULL,NULL),(636,'b04490f4f52f4094900d95a30c9719f1','turn_off','{}','sent',11,7,'2025-09-15 15:57:59','2025-09-15 15:57:59',NULL,NULL),(637,'b04490f4f52f4094900d95a30c9719f1','turn_off','{}','sent',11,7,'2025-09-15 15:58:04','2025-09-15 15:58:04',NULL,NULL),(638,'b04490f4f52f4094900d95a30c9719f1','turn_off','{}','sent',11,7,'2025-09-15 15:58:09','2025-09-15 15:58:09',NULL,NULL),(639,'b04490f4f52f4094900d95a30c9719f1','turn_off','{}','sent',11,7,'2025-09-15 15:58:14','2025-09-15 15:58:14',NULL,NULL),(640,'b04490f4f52f4094900d95a30c9719f1','turn_off','{}','sent',11,7,'2025-09-15 15:58:19','2025-09-15 15:58:19',NULL,NULL),(641,'b04490f4f52f4094900d95a30c9719f1','turn_off','{}','sent',11,7,'2025-09-15 15:58:34','2025-09-15 15:58:34',NULL,NULL),(642,'b04490f4f52f4094900d95a30c9719f1','turn_off','{}','sent',11,7,'2025-09-15 15:58:39','2025-09-15 15:58:39',NULL,NULL),(643,'b04490f4f52f4094900d95a30c9719f1','turn_off','{}','sent',11,7,'2025-09-15 15:58:44','2025-09-15 15:58:44',NULL,NULL),(644,'b04490f4f52f4094900d95a30c9719f1','turn_off','{}','sent',11,7,'2025-09-15 15:58:49','2025-09-15 15:58:49',NULL,NULL),(645,'b04490f4f52f4094900d95a30c9719f1','turn_off','{}','sent',11,7,'2025-09-15 15:58:59','2025-09-15 15:58:59',NULL,NULL),(646,'b04490f4f52f4094900d95a30c9719f1','turn_off','{}','sent',11,7,'2025-09-15 15:59:04','2025-09-15 15:59:04',NULL,NULL),(647,'b04490f4f52f4094900d95a30c9719f1','turn_off','{}','sent',11,7,'2025-09-15 15:59:09','2025-09-15 15:59:09',NULL,NULL),(648,'b04490f4f52f4094900d95a30c9719f1','turn_off','{}','sent',11,7,'2025-09-15 15:59:14','2025-09-15 15:59:14',NULL,NULL),(649,'b04490f4f52f4094900d95a30c9719f1','turn_off','{}','sent',11,7,'2025-09-15 15:59:19','2025-09-15 15:59:19',NULL,NULL),(650,'b04490f4f52f4094900d95a30c9719f1','turn_off','{}','sent',11,7,'2025-09-15 15:59:24','2025-09-15 15:59:24',NULL,NULL),(651,'b04490f4f52f4094900d95a30c9719f1','turn_off','{}','sent',11,7,'2025-09-15 15:59:29','2025-09-15 15:59:29',NULL,NULL),(652,'b04490f4f52f4094900d95a30c9719f1','turn_off','{}','sent',11,7,'2025-09-15 15:59:34','2025-09-15 15:59:34',NULL,NULL),(653,'b04490f4f52f4094900d95a30c9719f1','turn_off','{}','sent',11,7,'2025-09-15 15:59:39','2025-09-15 15:59:39',NULL,NULL),(654,'b04490f4f52f4094900d95a30c9719f1','turn_off','{}','sent',11,7,'2025-09-15 15:59:49','2025-09-15 15:59:49',NULL,NULL),(655,'b04490f4f52f4094900d95a30c9719f1','turn_off','{}','sent',11,7,'2025-09-15 15:59:54','2025-09-15 15:59:54',NULL,NULL),(656,'b04490f4f52f4094900d95a30c9719f1','turn_off','{}','sent',11,7,'2025-09-15 15:59:59','2025-09-15 15:59:59',NULL,NULL),(657,'b04490f4f52f4094900d95a30c9719f1','turn_off','{}','sent',11,7,'2025-09-15 16:00:04','2025-09-15 16:00:04',NULL,NULL),(658,'b04490f4f52f4094900d95a30c9719f1','turn_off','{}','sent',11,7,'2025-09-15 16:00:14','2025-09-15 16:00:14',NULL,NULL),(659,'b04490f4f52f4094900d95a30c9719f1','turn_off','{}','sent',11,7,'2025-09-15 16:00:19','2025-09-15 16:00:19',NULL,NULL),(660,'b04490f4f52f4094900d95a30c9719f1','turn_off','{}','sent',11,7,'2025-09-15 16:00:29','2025-09-15 16:00:29',NULL,NULL),(661,'b04490f4f52f4094900d95a30c9719f1','turn_off','{}','sent',11,7,'2025-09-15 16:00:34','2025-09-15 16:00:34',NULL,NULL),(662,'b04490f4f52f4094900d95a30c9719f1','turn_off','{}','sent',11,7,'2025-09-15 16:00:44','2025-09-15 16:00:44',NULL,NULL),(663,'b04490f4f52f4094900d95a30c9719f1','turn_off','{}','sent',11,7,'2025-09-15 16:00:49','2025-09-15 16:00:49',NULL,NULL),(664,'b04490f4f52f4094900d95a30c9719f1','turn_off','{}','sent',11,7,'2025-09-15 16:00:54','2025-09-15 16:00:54',NULL,NULL),(665,'b04490f4f52f4094900d95a30c9719f1','turn_off','{}','sent',11,7,'2025-09-15 16:00:59','2025-09-15 16:00:59',NULL,NULL),(666,'b04490f4f52f4094900d95a30c9719f1','turn_off','{}','sent',11,7,'2025-09-15 16:01:04','2025-09-15 16:01:04',NULL,NULL),(667,'b04490f4f52f4094900d95a30c9719f1','turn_off','{}','sent',11,7,'2025-09-15 16:01:14','2025-09-15 16:01:14',NULL,NULL),(668,'b04490f4f52f4094900d95a30c9719f1','turn_off','{}','sent',11,7,'2025-09-15 16:01:19','2025-09-15 16:01:19',NULL,NULL),(669,'b04490f4f52f4094900d95a30c9719f1','turn_off','{}','sent',11,7,'2025-09-15 16:01:29','2025-09-15 16:01:29',NULL,NULL),(670,'b04490f4f52f4094900d95a30c9719f1','turn_off','{}','sent',11,7,'2025-09-15 16:01:34','2025-09-15 16:01:34',NULL,NULL),(671,'b04490f4f52f4094900d95a30c9719f1','turn_off','{}','sent',11,7,'2025-09-15 16:01:39','2025-09-15 16:01:39',NULL,NULL),(672,'b04490f4f52f4094900d95a30c9719f1','turn_off','{}','sent',11,7,'2025-09-15 16:01:44','2025-09-15 16:01:44',NULL,NULL),(673,'b04490f4f52f4094900d95a30c9719f1','turn_off','{}','sent',11,7,'2025-09-15 16:01:49','2025-09-15 16:01:49',NULL,NULL),(674,'b04490f4f52f4094900d95a30c9719f1','turn_off','{}','sent',11,7,'2025-09-15 16:01:59','2025-09-15 16:01:59',NULL,NULL),(675,'b04490f4f52f4094900d95a30c9719f1','turn_off','{}','sent',11,7,'2025-09-15 16:02:09','2025-09-15 16:02:09',NULL,NULL),(676,'b04490f4f52f4094900d95a30c9719f1','turn_off','{}','sent',11,7,'2025-09-15 16:02:14','2025-09-15 16:02:14',NULL,NULL),(677,'b04490f4f52f4094900d95a30c9719f1','turn_off','{}','sent',11,7,'2025-09-15 16:02:19','2025-09-15 16:02:19',NULL,NULL),(678,'b04490f4f52f4094900d95a30c9719f1','turn_off','{}','sent',11,7,'2025-09-15 16:02:29','2025-09-15 16:02:29',NULL,NULL),(679,'b04490f4f52f4094900d95a30c9719f1','turn_off','{}','sent',11,7,'2025-09-15 16:02:49','2025-09-15 16:02:49',NULL,NULL),(680,'b04490f4f52f4094900d95a30c9719f1','turn_off','{}','sent',11,7,'2025-09-15 16:02:54','2025-09-15 16:02:54',NULL,NULL),(681,'b04490f4f52f4094900d95a30c9719f1','turn_off','{}','sent',11,7,'2025-09-15 16:03:04','2025-09-15 16:03:04',NULL,NULL),(682,'b04490f4f52f4094900d95a30c9719f1','turn_off','{}','sent',11,7,'2025-09-15 16:03:09','2025-09-15 16:03:09',NULL,NULL),(683,'b04490f4f52f4094900d95a30c9719f1','turn_off','{}','sent',11,7,'2025-09-15 16:03:14','2025-09-15 16:03:14',NULL,NULL),(684,'b04490f4f52f4094900d95a30c9719f1','turn_off','{}','sent',11,7,'2025-09-15 16:03:29','2025-09-15 16:03:29',NULL,NULL),(685,'b04490f4f52f4094900d95a30c9719f1','turn_off','{}','sent',11,7,'2025-09-15 16:03:34','2025-09-15 16:03:34',NULL,NULL),(686,'b04490f4f52f4094900d95a30c9719f1','turn_off','{}','sent',11,7,'2025-09-15 16:03:44','2025-09-15 16:03:44',NULL,NULL),(687,'b04490f4f52f4094900d95a30c9719f1','turn_off','{}','sent',11,7,'2025-09-15 16:03:49','2025-09-15 16:03:49',NULL,NULL),(688,'b04490f4f52f4094900d95a30c9719f1','turn_off','{}','sent',11,7,'2025-09-15 16:03:59','2025-09-15 16:03:59',NULL,NULL),(689,'b04490f4f52f4094900d95a30c9719f1','turn_off','{}','sent',11,7,'2025-09-15 16:04:09','2025-09-15 16:04:09',NULL,NULL),(690,'b04490f4f52f4094900d95a30c9719f1','turn_off','{}','sent',11,7,'2025-09-15 16:04:19','2025-09-15 16:04:19',NULL,NULL),(691,'b04490f4f52f4094900d95a30c9719f1','turn_off','{}','sent',11,7,'2025-09-15 16:04:29','2025-09-15 16:04:29',NULL,NULL),(692,'b04490f4f52f4094900d95a30c9719f1','turn_off','{}','sent',11,7,'2025-09-15 16:04:39','2025-09-15 16:04:39',NULL,NULL),(693,'b04490f4f52f4094900d95a30c9719f1','turn_off','{}','sent',11,7,'2025-09-15 16:04:44','2025-09-15 16:04:44',NULL,NULL),(694,'b04490f4f52f4094900d95a30c9719f1','turn_off','{}','sent',11,7,'2025-09-15 16:04:49','2025-09-15 16:04:49',NULL,NULL),(695,'b04490f4f52f4094900d95a30c9719f1','turn_off','{}','sent',11,7,'2025-09-15 16:04:54','2025-09-15 16:04:54',NULL,NULL),(696,'b04490f4f52f4094900d95a30c9719f1','turn_off','{}','sent',11,7,'2025-09-15 16:05:09','2025-09-15 16:05:09',NULL,NULL),(697,'b04490f4f52f4094900d95a30c9719f1','turn_off','{}','sent',11,7,'2025-09-15 16:05:14','2025-09-15 16:05:14',NULL,NULL),(698,'b04490f4f52f4094900d95a30c9719f1','turn_off','{}','sent',11,7,'2025-09-15 16:05:19','2025-09-15 16:05:19',NULL,NULL),(699,'b04490f4f52f4094900d95a30c9719f1','turn_off','{}','sent',11,7,'2025-09-15 16:05:29','2025-09-15 16:05:29',NULL,NULL),(700,'b04490f4f52f4094900d95a30c9719f1','turn_off','{}','sent',11,7,'2025-09-15 16:05:40','2025-09-15 16:05:40',NULL,NULL),(701,'b04490f4f52f4094900d95a30c9719f1','turn_off','{}','sent',11,7,'2025-09-15 16:05:50','2025-09-15 16:05:50',NULL,NULL),(702,'b04490f4f52f4094900d95a30c9719f1','turn_off','{}','sent',11,7,'2025-09-15 16:06:05','2025-09-15 16:06:05',NULL,NULL),(703,'b04490f4f52f4094900d95a30c9719f1','turn_off','{}','sent',11,7,'2025-09-15 16:06:10','2025-09-15 16:06:10',NULL,NULL),(704,'b04490f4f52f4094900d95a30c9719f1','turn_off','{}','sent',11,7,'2025-09-15 16:06:15','2025-09-15 16:06:15',NULL,NULL),(705,'b04490f4f52f4094900d95a30c9719f1','turn_off','{}','sent',11,7,'2025-09-15 16:06:20','2025-09-15 16:06:20',NULL,NULL),(706,'b04490f4f52f4094900d95a30c9719f1','turn_off','{}','sent',11,7,'2025-09-15 16:06:30','2025-09-15 16:06:30',NULL,NULL),(707,'b04490f4f52f4094900d95a30c9719f1','turn_off','{}','sent',11,7,'2025-09-15 16:06:35','2025-09-15 16:06:35',NULL,NULL),(708,'b04490f4f52f4094900d95a30c9719f1','turn_off','{}','sent',11,7,'2025-09-15 16:06:45','2025-09-15 16:06:45',NULL,NULL),(709,'b04490f4f52f4094900d95a30c9719f1','turn_off','{}','sent',11,7,'2025-09-15 16:06:55','2025-09-15 16:06:55',NULL,NULL),(710,'b04490f4f52f4094900d95a30c9719f1','turn_off','{}','sent',11,7,'2025-09-15 16:07:00','2025-09-15 16:07:00',NULL,NULL),(711,'b04490f4f52f4094900d95a30c9719f1','turn_off','{}','sent',11,7,'2025-09-15 16:07:05','2025-09-15 16:07:05',NULL,NULL),(712,'b04490f4f52f4094900d95a30c9719f1','turn_off','{}','sent',11,7,'2025-09-15 16:07:10','2025-09-15 16:07:10',NULL,NULL),(713,'b04490f4f52f4094900d95a30c9719f1','turn_off','{}','sent',11,7,'2025-09-15 16:07:15','2025-09-15 16:07:15',NULL,NULL),(714,'b04490f4f52f4094900d95a30c9719f1','turn_off','{}','sent',11,7,'2025-09-15 16:07:20','2025-09-15 16:07:20',NULL,NULL),(715,'b04490f4f52f4094900d95a30c9719f1','turn_off','{}','sent',11,7,'2025-09-15 16:07:25','2025-09-15 16:07:25',NULL,NULL),(716,'b04490f4f52f4094900d95a30c9719f1','turn_off','{}','sent',11,7,'2025-09-15 16:07:30','2025-09-15 16:07:30',NULL,NULL),(717,'b04490f4f52f4094900d95a30c9719f1','turn_off','{}','sent',11,7,'2025-09-15 16:07:35','2025-09-15 16:07:35',NULL,NULL),(718,'b04490f4f52f4094900d95a30c9719f1','turn_off','{}','sent',11,7,'2025-09-15 16:07:40','2025-09-15 16:07:40',NULL,NULL),(719,'b04490f4f52f4094900d95a30c9719f1','turn_off','{}','sent',11,7,'2025-09-15 16:07:50','2025-09-15 16:07:50',NULL,NULL),(720,'b04490f4f52f4094900d95a30c9719f1','turn_off','{}','sent',11,7,'2025-09-15 16:07:55','2025-09-15 16:07:55',NULL,NULL),(721,'b04490f4f52f4094900d95a30c9719f1','turn_off','{}','sent',11,7,'2025-09-15 16:08:15','2025-09-15 16:08:15',NULL,NULL),(722,'b04490f4f52f4094900d95a30c9719f1','turn_off','{}','sent',11,7,'2025-09-15 16:08:25','2025-09-15 16:08:25',NULL,NULL),(723,'b04490f4f52f4094900d95a30c9719f1','turn_off','{}','sent',11,7,'2025-09-15 16:08:30','2025-09-15 16:08:30',NULL,NULL),(724,'b04490f4f52f4094900d95a30c9719f1','turn_off','{}','sent',11,7,'2025-09-15 16:08:40','2025-09-15 16:08:40',NULL,NULL),(725,'b04490f4f52f4094900d95a30c9719f1','turn_off','{}','sent',11,7,'2025-09-15 16:08:45','2025-09-15 16:08:45',NULL,NULL),(726,'b04490f4f52f4094900d95a30c9719f1','turn_off','{}','sent',11,7,'2025-09-15 16:08:50','2025-09-15 16:08:50',NULL,NULL),(727,'b04490f4f52f4094900d95a30c9719f1','turn_off','{}','sent',11,7,'2025-09-15 16:09:00','2025-09-15 16:09:00',NULL,NULL),(728,'b04490f4f52f4094900d95a30c9719f1','turn_off','{}','sent',11,7,'2025-09-15 16:09:05','2025-09-15 16:09:05',NULL,NULL),(729,'b04490f4f52f4094900d95a30c9719f1','turn_off','{}','sent',11,7,'2025-09-15 16:09:10','2025-09-15 16:09:10',NULL,NULL),(730,'b04490f4f52f4094900d95a30c9719f1','turn_off','{}','sent',11,7,'2025-09-15 16:09:20','2025-09-15 16:09:20',NULL,NULL),(731,'b04490f4f52f4094900d95a30c9719f1','turn_off','{}','sent',11,7,'2025-09-15 16:09:30','2025-09-15 16:09:30',NULL,NULL),(732,'b04490f4f52f4094900d95a30c9719f1','turn_off','{}','sent',11,7,'2025-09-15 16:09:45','2025-09-15 16:09:45',NULL,NULL),(733,'b04490f4f52f4094900d95a30c9719f1','turn_off','{}','sent',11,7,'2025-09-15 16:10:00','2025-09-15 16:10:00',NULL,NULL),(734,'b04490f4f52f4094900d95a30c9719f1','turn_off','{}','sent',11,7,'2025-09-15 16:10:05','2025-09-15 16:10:05',NULL,NULL),(735,'b04490f4f52f4094900d95a30c9719f1','turn_off','{}','sent',11,7,'2025-09-15 16:10:10','2025-09-15 16:10:10',NULL,NULL),(736,'b04490f4f52f4094900d95a30c9719f1','turn_off','{}','sent',11,7,'2025-09-15 16:10:20','2025-09-15 16:10:20',NULL,NULL),(737,'b04490f4f52f4094900d95a30c9719f1','turn_off','{}','sent',11,7,'2025-09-15 16:10:25','2025-09-15 16:10:25',NULL,NULL),(738,'b04490f4f52f4094900d95a30c9719f1','turn_off','{}','sent',11,7,'2025-09-15 16:10:30','2025-09-15 16:10:30',NULL,NULL),(739,'b04490f4f52f4094900d95a30c9719f1','turn_off','{}','sent',11,7,'2025-09-15 16:10:35','2025-09-15 16:10:35',NULL,NULL),(740,'b04490f4f52f4094900d95a30c9719f1','turn_off','{}','sent',11,7,'2025-09-15 16:10:40','2025-09-15 16:10:40',NULL,NULL),(741,'b04490f4f52f4094900d95a30c9719f1','turn_off','{}','sent',11,7,'2025-09-15 16:10:45','2025-09-15 16:10:45',NULL,NULL),(742,'b04490f4f52f4094900d95a30c9719f1','turn_off','{}','sent',11,7,'2025-09-15 16:10:50','2025-09-15 16:10:50',NULL,NULL),(743,'b04490f4f52f4094900d95a30c9719f1','turn_off','{}','sent',11,7,'2025-09-15 16:10:55','2025-09-15 16:10:55',NULL,NULL),(744,'b04490f4f52f4094900d95a30c9719f1','turn_off','{}','sent',11,7,'2025-09-15 16:11:10','2025-09-15 16:11:10',NULL,NULL),(745,'b04490f4f52f4094900d95a30c9719f1','turn_off','{}','sent',11,7,'2025-09-15 16:11:15','2025-09-15 16:11:15',NULL,NULL),(746,'b04490f4f52f4094900d95a30c9719f1','turn_off','{}','sent',11,7,'2025-09-15 16:11:25','2025-09-15 16:11:25',NULL,NULL),(747,'b04490f4f52f4094900d95a30c9719f1','turn_off','{}','sent',11,7,'2025-09-15 16:11:45','2025-09-15 16:11:45',NULL,NULL),(748,'b04490f4f52f4094900d95a30c9719f1','turn_off','{}','sent',11,7,'2025-09-15 16:11:50','2025-09-15 16:11:50',NULL,NULL),(749,'b04490f4f52f4094900d95a30c9719f1','turn_off','{}','sent',11,7,'2025-09-15 16:11:55','2025-09-15 16:11:55',NULL,NULL),(750,'b04490f4f52f4094900d95a30c9719f1','turn_off','{}','sent',11,7,'2025-09-15 16:12:00','2025-09-15 16:12:00',NULL,NULL),(751,'b04490f4f52f4094900d95a30c9719f1','turn_off','{}','sent',11,7,'2025-09-15 16:12:15','2025-09-15 16:12:15',NULL,NULL),(752,'b04490f4f52f4094900d95a30c9719f1','turn_off','{}','sent',11,7,'2025-09-15 16:12:20','2025-09-15 16:12:20',NULL,NULL),(753,'b04490f4f52f4094900d95a30c9719f1','turn_off','{}','sent',11,7,'2025-09-15 16:12:25','2025-09-15 16:12:25',NULL,NULL),(754,'b04490f4f52f4094900d95a30c9719f1','turn_off','{}','sent',11,7,'2025-09-15 16:12:40','2025-09-15 16:12:40',NULL,NULL),(755,'b04490f4f52f4094900d95a30c9719f1','turn_off','{}','sent',11,7,'2025-09-15 16:12:50','2025-09-15 16:12:50',NULL,NULL),(756,'b04490f4f52f4094900d95a30c9719f1','turn_off','{}','sent',11,7,'2025-09-15 16:12:55','2025-09-15 16:12:55',NULL,NULL),(757,'b04490f4f52f4094900d95a30c9719f1','turn_off','{}','sent',11,7,'2025-09-15 16:13:00','2025-09-15 16:13:00',NULL,NULL),(758,'b04490f4f52f4094900d95a30c9719f1','turn_off','{}','sent',11,7,'2025-09-15 16:13:05','2025-09-15 16:13:05',NULL,NULL),(759,'b04490f4f52f4094900d95a30c9719f1','turn_off','{}','sent',11,7,'2025-09-15 16:13:10','2025-09-15 16:13:10',NULL,NULL),(760,'b04490f4f52f4094900d95a30c9719f1','turn_off','{}','sent',11,7,'2025-09-15 16:13:40','2025-09-15 16:13:40',NULL,NULL),(761,'b04490f4f52f4094900d95a30c9719f1','turn_off','{}','sent',11,7,'2025-09-15 16:13:45','2025-09-15 16:13:45',NULL,NULL),(762,'b04490f4f52f4094900d95a30c9719f1','turn_off','{}','sent',11,7,'2025-09-15 16:13:50','2025-09-15 16:13:50',NULL,NULL),(763,'b04490f4f52f4094900d95a30c9719f1','turn_off','{}','sent',11,7,'2025-09-15 16:13:55','2025-09-15 16:13:55',NULL,NULL),(764,'b04490f4f52f4094900d95a30c9719f1','turn_off','{}','sent',11,7,'2025-09-15 16:14:05','2025-09-15 16:14:05',NULL,NULL),(765,'b04490f4f52f4094900d95a30c9719f1','turn_off','{}','sent',11,7,'2025-09-15 16:14:10','2025-09-15 16:14:10',NULL,NULL),(766,'b04490f4f52f4094900d95a30c9719f1','turn_off','{}','sent',11,7,'2025-09-15 16:14:15','2025-09-15 16:14:15',NULL,NULL),(767,'b04490f4f52f4094900d95a30c9719f1','turn_off','{}','sent',11,7,'2025-09-15 16:14:20','2025-09-15 16:14:20',NULL,NULL),(768,'b04490f4f52f4094900d95a30c9719f1','turn_off','{}','sent',11,7,'2025-09-15 16:14:30','2025-09-15 16:14:30',NULL,NULL),(769,'b04490f4f52f4094900d95a30c9719f1','turn_off','{}','sent',11,7,'2025-09-15 16:14:36','2025-09-15 16:14:36',NULL,NULL),(770,'b04490f4f52f4094900d95a30c9719f1','turn_off','{}','sent',11,7,'2025-09-15 16:14:40','2025-09-15 16:14:40',NULL,NULL),(771,'b04490f4f52f4094900d95a30c9719f1','turn_off','{}','sent',11,7,'2025-09-15 16:14:45','2025-09-15 16:14:45',NULL,NULL),(772,'b04490f4f52f4094900d95a30c9719f1','turn_off','{}','sent',11,7,'2025-09-15 16:14:50','2025-09-15 16:14:50',NULL,NULL),(773,'b04490f4f52f4094900d95a30c9719f1','turn_off','{}','sent',11,7,'2025-09-15 16:14:55','2025-09-15 16:14:55',NULL,NULL),(774,'b04490f4f52f4094900d95a30c9719f1','turn_off','{}','sent',11,7,'2025-09-15 16:15:05','2025-09-15 16:15:05',NULL,NULL),(775,'b04490f4f52f4094900d95a30c9719f1','turn_off','{}','sent',11,7,'2025-09-15 16:15:10','2025-09-15 16:15:10',NULL,NULL),(776,'b04490f4f52f4094900d95a30c9719f1','turn_off','{}','sent',11,7,'2025-09-15 16:15:15','2025-09-15 16:15:15',NULL,NULL),(777,'b04490f4f52f4094900d95a30c9719f1','turn_off','{}','sent',11,7,'2025-09-15 16:15:31','2025-09-15 16:15:31',NULL,NULL),(778,'b04490f4f52f4094900d95a30c9719f1','turn_off','{}','sent',11,7,'2025-09-15 16:15:41','2025-09-15 16:15:41',NULL,NULL),(779,'b04490f4f52f4094900d95a30c9719f1','turn_off','{}','sent',11,7,'2025-09-15 16:15:46','2025-09-15 16:15:46',NULL,NULL),(780,'b04490f4f52f4094900d95a30c9719f1','turn_off','{}','sent',11,7,'2025-09-15 16:15:56','2025-09-15 16:15:56',NULL,NULL),(781,'b04490f4f52f4094900d95a30c9719f1','turn_off','{}','sent',11,7,'2025-09-15 16:16:01','2025-09-15 16:16:01',NULL,NULL),(782,'b04490f4f52f4094900d95a30c9719f1','turn_off','{}','sent',11,7,'2025-09-15 16:16:11','2025-09-15 16:16:11',NULL,NULL),(783,'b04490f4f52f4094900d95a30c9719f1','turn_off','{}','sent',11,7,'2025-09-15 16:16:21','2025-09-15 16:16:21',NULL,NULL),(784,'b04490f4f52f4094900d95a30c9719f1','turn_off','{}','sent',11,7,'2025-09-15 16:16:31','2025-09-15 16:16:31',NULL,NULL),(785,'b04490f4f52f4094900d95a30c9719f1','turn_off','{}','sent',11,7,'2025-09-15 16:16:36','2025-09-15 16:16:36',NULL,NULL),(786,'b04490f4f52f4094900d95a30c9719f1','turn_off','{}','sent',11,7,'2025-09-15 16:16:41','2025-09-15 16:16:41',NULL,NULL),(787,'b04490f4f52f4094900d95a30c9719f1','turn_off','{}','sent',11,7,'2025-09-15 16:16:51','2025-09-15 16:16:51',NULL,NULL),(788,'b04490f4f52f4094900d95a30c9719f1','turn_off','{}','sent',11,7,'2025-09-15 16:16:56','2025-09-15 16:16:56',NULL,NULL),(789,'b04490f4f52f4094900d95a30c9719f1','turn_off','{}','sent',11,7,'2025-09-15 16:17:01','2025-09-15 16:17:01',NULL,NULL),(790,'b04490f4f52f4094900d95a30c9719f1','turn_off','{}','sent',11,7,'2025-09-15 16:17:06','2025-09-15 16:17:06',NULL,NULL),(791,'b04490f4f52f4094900d95a30c9719f1','turn_off','{}','sent',11,7,'2025-09-15 16:17:16','2025-09-15 16:17:16',NULL,NULL),(792,'b04490f4f52f4094900d95a30c9719f1','turn_off','{}','sent',11,7,'2025-09-15 16:17:21','2025-09-15 16:17:21',NULL,NULL),(793,'b04490f4f52f4094900d95a30c9719f1','turn_off','{}','sent',11,7,'2025-09-15 16:17:26','2025-09-15 16:17:26',NULL,NULL),(794,'b04490f4f52f4094900d95a30c9719f1','turn_off','{}','sent',11,7,'2025-09-15 16:17:31','2025-09-15 16:17:31',NULL,NULL),(795,'b04490f4f52f4094900d95a30c9719f1','turn_off','{}','sent',11,7,'2025-09-15 16:17:36','2025-09-15 16:17:36',NULL,NULL),(796,'b04490f4f52f4094900d95a30c9719f1','turn_off','{}','sent',11,7,'2025-09-15 16:17:41','2025-09-15 16:17:41',NULL,NULL),(797,'b04490f4f52f4094900d95a30c9719f1','turn_off','{}','sent',11,7,'2025-09-15 16:17:46','2025-09-15 16:17:46',NULL,NULL),(798,'b04490f4f52f4094900d95a30c9719f1','turn_off','{}','sent',11,7,'2025-09-15 16:17:51','2025-09-15 16:17:51',NULL,NULL),(799,'b04490f4f52f4094900d95a30c9719f1','turn_off','{}','sent',11,7,'2025-09-15 16:17:56','2025-09-15 16:17:56',NULL,NULL),(800,'b04490f4f52f4094900d95a30c9719f1','turn_off','{}','sent',11,7,'2025-09-15 16:18:01','2025-09-15 16:18:01',NULL,NULL),(801,'b04490f4f52f4094900d95a30c9719f1','turn_off','{}','sent',11,7,'2025-09-15 16:18:11','2025-09-15 16:18:11',NULL,NULL),(802,'b04490f4f52f4094900d95a30c9719f1','turn_off','{}','sent',11,7,'2025-09-15 16:18:41','2025-09-15 16:18:41',NULL,NULL),(803,'b04490f4f52f4094900d95a30c9719f1','turn_off','{}','sent',11,7,'2025-09-15 16:18:46','2025-09-15 16:18:46',NULL,NULL),(804,'b04490f4f52f4094900d95a30c9719f1','turn_off','{}','sent',11,7,'2025-09-15 16:18:51','2025-09-15 16:18:51',NULL,NULL),(805,'b04490f4f52f4094900d95a30c9719f1','turn_off','{}','sent',11,7,'2025-09-15 16:18:56','2025-09-15 16:18:56',NULL,NULL),(806,'b04490f4f52f4094900d95a30c9719f1','turn_off','{}','sent',11,7,'2025-09-15 16:19:11','2025-09-15 16:19:11',NULL,NULL),(807,'b04490f4f52f4094900d95a30c9719f1','turn_off','{}','sent',11,7,'2025-09-15 16:19:16','2025-09-15 16:19:16',NULL,NULL),(808,'b04490f4f52f4094900d95a30c9719f1','turn_off','{}','sent',11,7,'2025-09-15 16:19:21','2025-09-15 16:19:21',NULL,NULL),(809,'b04490f4f52f4094900d95a30c9719f1','turn_off','{}','sent',11,7,'2025-09-15 16:19:26','2025-09-15 16:19:26',NULL,NULL),(810,'b04490f4f52f4094900d95a30c9719f1','turn_off','{}','sent',11,7,'2025-09-15 16:19:41','2025-09-15 16:19:41',NULL,NULL),(811,'b04490f4f52f4094900d95a30c9719f1','turn_off','{}','sent',11,7,'2025-09-15 16:19:46','2025-09-15 16:19:46',NULL,NULL),(812,'b04490f4f52f4094900d95a30c9719f1','turn_off','{}','sent',11,7,'2025-09-15 16:19:51','2025-09-15 16:19:51',NULL,NULL),(813,'b04490f4f52f4094900d95a30c9719f1','turn_off','{}','sent',11,7,'2025-09-16 01:05:01','2025-09-16 01:05:01',NULL,NULL),(814,'b04490f4f52f4094900d95a30c9719f1','turn_off','{}','sent',11,7,'2025-09-16 01:05:06','2025-09-16 01:05:06',NULL,NULL),(815,'b04490f4f52f4094900d95a30c9719f1','turn_off','{}','sent',11,7,'2025-09-16 01:05:11','2025-09-16 01:05:11',NULL,NULL),(816,'b04490f4f52f4094900d95a30c9719f1','turn_off','{}','sent',11,7,'2025-09-16 01:05:16','2025-09-16 01:05:16',NULL,NULL),(817,'b04490f4f52f4094900d95a30c9719f1','turn_off','{}','sent',11,7,'2025-09-16 01:05:36','2025-09-16 01:05:36',NULL,NULL),(818,'b04490f4f52f4094900d95a30c9719f1','turn_off','{}','sent',11,7,'2025-09-16 01:05:41','2025-09-16 01:05:41',NULL,NULL),(819,'b04490f4f52f4094900d95a30c9719f1','turn_off','{}','sent',11,7,'2025-09-16 01:05:46','2025-09-16 01:05:46',NULL,NULL),(820,'b04490f4f52f4094900d95a30c9719f1','turn_off','{}','sent',11,7,'2025-09-16 01:05:56','2025-09-16 01:05:56',NULL,NULL),(821,'b04490f4f52f4094900d95a30c9719f1','turn_off','{}','sent',11,7,'2025-09-16 01:06:06','2025-09-16 01:06:07',NULL,NULL),(822,'b04490f4f52f4094900d95a30c9719f1','turn_off','{}','sent',11,7,'2025-09-16 01:06:22','2025-09-16 01:06:22',NULL,NULL),(823,'b04490f4f52f4094900d95a30c9719f1','turn_off','{}','sent',11,7,'2025-09-16 01:06:27','2025-09-16 01:06:27',NULL,NULL),(824,'b04490f4f52f4094900d95a30c9719f1','turn_off','{}','sent',11,7,'2025-09-16 01:06:32','2025-09-16 01:06:32',NULL,NULL),(825,'b04490f4f52f4094900d95a30c9719f1','turn_off','{}','sent',11,7,'2025-09-16 01:06:37','2025-09-16 01:06:37',NULL,NULL),(826,'b04490f4f52f4094900d95a30c9719f1','turn_off','{}','sent',11,7,'2025-09-16 01:06:42','2025-09-16 01:06:42',NULL,NULL),(827,'b04490f4f52f4094900d95a30c9719f1','turn_off','{}','sent',11,7,'2025-09-16 01:06:47','2025-09-16 01:06:47',NULL,NULL),(828,'b04490f4f52f4094900d95a30c9719f1','turn_off','{}','sent',11,7,'2025-09-16 01:06:57','2025-09-16 01:06:57',NULL,NULL),(829,'b04490f4f52f4094900d95a30c9719f1','turn_off','{}','sent',11,7,'2025-09-16 01:07:12','2025-09-16 01:07:12',NULL,NULL),(830,'b04490f4f52f4094900d95a30c9719f1','turn_off','{}','sent',11,7,'2025-09-16 01:07:17','2025-09-16 01:07:17',NULL,NULL),(831,'b04490f4f52f4094900d95a30c9719f1','turn_off','{}','sent',11,7,'2025-09-16 01:07:22','2025-09-16 01:07:22',NULL,NULL),(832,'b04490f4f52f4094900d95a30c9719f1','turn_off','{}','sent',11,7,'2025-09-16 01:07:27','2025-09-16 01:07:27',NULL,NULL),(833,'b04490f4f52f4094900d95a30c9719f1','turn_off','{}','sent',11,7,'2025-09-16 01:07:32','2025-09-16 01:07:32',NULL,NULL),(834,'b04490f4f52f4094900d95a30c9719f1','turn_off','{}','sent',11,7,'2025-09-16 01:07:37','2025-09-16 01:07:37',NULL,NULL),(835,'b04490f4f52f4094900d95a30c9719f1','turn_off','{}','sent',11,7,'2025-09-16 01:07:42','2025-09-16 01:07:42',NULL,NULL),(836,'b04490f4f52f4094900d95a30c9719f1','turn_off','{}','sent',11,7,'2025-09-16 01:07:47','2025-09-16 01:07:47',NULL,NULL),(837,'b04490f4f52f4094900d95a30c9719f1','turn_off','{}','sent',11,7,'2025-09-16 01:07:52','2025-09-16 01:07:52',NULL,NULL),(838,'b04490f4f52f4094900d95a30c9719f1','turn_off','{}','sent',11,7,'2025-09-16 01:08:07','2025-09-16 01:08:07',NULL,NULL),(839,'b04490f4f52f4094900d95a30c9719f1','turn_off','{}','sent',11,7,'2025-09-16 01:08:22','2025-09-16 01:08:22',NULL,NULL),(840,'b04490f4f52f4094900d95a30c9719f1','turn_off','{}','sent',11,7,'2025-09-16 01:08:27','2025-09-16 01:08:27',NULL,NULL),(841,'b04490f4f52f4094900d95a30c9719f1','turn_off','{}','sent',11,7,'2025-09-16 01:08:37','2025-09-16 01:08:37',NULL,NULL),(842,'b04490f4f52f4094900d95a30c9719f1','turn_off','{}','sent',11,7,'2025-09-16 01:08:47','2025-09-16 01:08:47',NULL,NULL),(843,'b04490f4f52f4094900d95a30c9719f1','turn_off','{}','sent',11,7,'2025-09-16 01:08:52','2025-09-16 01:08:52',NULL,NULL),(844,'b04490f4f52f4094900d95a30c9719f1','turn_off','{}','sent',11,7,'2025-09-16 01:09:12','2025-09-16 01:09:12',NULL,NULL),(845,'b04490f4f52f4094900d95a30c9719f1','turn_off','{}','sent',11,7,'2025-09-16 01:09:17','2025-09-16 01:09:17',NULL,NULL),(846,'b04490f4f52f4094900d95a30c9719f1','turn_off','{}','sent',11,7,'2025-09-16 01:09:27','2025-09-16 01:09:27',NULL,NULL),(847,'b04490f4f52f4094900d95a30c9719f1','turn_off','{}','sent',11,7,'2025-09-16 01:09:32','2025-09-16 01:09:32',NULL,NULL),(848,'b04490f4f52f4094900d95a30c9719f1','turn_off','{}','sent',11,7,'2025-09-16 01:09:37','2025-09-16 01:09:37',NULL,NULL),(849,'b04490f4f52f4094900d95a30c9719f1','turn_off','{}','sent',11,7,'2025-09-16 01:09:47','2025-09-16 01:09:47',NULL,NULL),(850,'b04490f4f52f4094900d95a30c9719f1','turn_off','{}','sent',11,7,'2025-09-16 01:09:52','2025-09-16 01:09:52',NULL,NULL),(851,'b04490f4f52f4094900d95a30c9719f1','turn_off','{}','sent',11,7,'2025-09-16 01:10:07','2025-09-16 01:10:07',NULL,NULL),(852,'b04490f4f52f4094900d95a30c9719f1','turn_off','{}','sent',11,7,'2025-09-16 01:10:12','2025-09-16 01:10:12',NULL,NULL),(853,'b04490f4f52f4094900d95a30c9719f1','turn_off','{}','sent',11,7,'2025-09-16 01:10:17','2025-09-16 01:10:17',NULL,NULL),(854,'b04490f4f52f4094900d95a30c9719f1','turn_off','{}','sent',11,7,'2025-09-16 01:10:22','2025-09-16 01:10:22',NULL,NULL),(855,'b04490f4f52f4094900d95a30c9719f1','turn_off','{}','sent',11,7,'2025-09-16 01:10:27','2025-09-16 01:10:27',NULL,NULL),(856,'b04490f4f52f4094900d95a30c9719f1','turn_off','{}','sent',11,7,'2025-09-16 01:10:32','2025-09-16 01:10:32',NULL,NULL),(857,'b04490f4f52f4094900d95a30c9719f1','turn_off','{}','sent',11,7,'2025-09-16 01:10:42','2025-09-16 01:10:42',NULL,NULL),(858,'b04490f4f52f4094900d95a30c9719f1','turn_off','{}','sent',11,7,'2025-09-16 01:10:47','2025-09-16 01:10:47',NULL,NULL),(859,'b04490f4f52f4094900d95a30c9719f1','turn_off','{}','sent',11,7,'2025-09-16 01:10:52','2025-09-16 01:10:52',NULL,NULL),(860,'b04490f4f52f4094900d95a30c9719f1','turn_off','{}','sent',11,7,'2025-09-16 01:11:07','2025-09-16 01:11:07',NULL,NULL),(861,'b04490f4f52f4094900d95a30c9719f1','turn_off','{}','sent',11,7,'2025-09-16 01:11:12','2025-09-16 01:11:12',NULL,NULL),(862,'b04490f4f52f4094900d95a30c9719f1','turn_off','{}','sent',11,7,'2025-09-16 01:11:17','2025-09-16 01:11:17',NULL,NULL),(863,'b04490f4f52f4094900d95a30c9719f1','turn_off','{}','sent',11,7,'2025-09-16 01:11:32','2025-09-16 01:11:32',NULL,NULL),(864,'b04490f4f52f4094900d95a30c9719f1','turn_off','{}','sent',11,7,'2025-09-16 01:11:42','2025-09-16 01:11:42',NULL,NULL),(865,'b04490f4f52f4094900d95a30c9719f1','turn_off','{}','sent',11,7,'2025-09-16 01:11:47','2025-09-16 01:11:47',NULL,NULL),(866,'b04490f4f52f4094900d95a30c9719f1','turn_off','{}','sent',11,7,'2025-09-16 01:11:57','2025-09-16 01:11:57',NULL,NULL),(867,'b04490f4f52f4094900d95a30c9719f1','turn_off','{}','sent',11,7,'2025-09-16 01:12:07','2025-09-16 01:12:07',NULL,NULL),(868,'b04490f4f52f4094900d95a30c9719f1','turn_off','{}','sent',11,7,'2025-09-16 01:12:37','2025-09-16 01:12:37',NULL,NULL),(869,'b04490f4f52f4094900d95a30c9719f1','turn_off','{}','sent',11,7,'2025-09-16 01:12:42','2025-09-16 01:12:42',NULL,NULL),(870,'b04490f4f52f4094900d95a30c9719f1','turn_off','{}','sent',11,7,'2025-09-16 01:12:52','2025-09-16 01:12:52',NULL,NULL),(871,'b04490f4f52f4094900d95a30c9719f1','turn_off','{}','sent',11,7,'2025-09-16 01:13:07','2025-09-16 01:13:07',NULL,NULL),(872,'b04490f4f52f4094900d95a30c9719f1','turn_off','{}','sent',11,7,'2025-09-16 01:13:12','2025-09-16 01:13:12',NULL,NULL),(873,'b04490f4f52f4094900d95a30c9719f1','turn_off','{}','sent',11,7,'2025-09-16 01:13:17','2025-09-16 01:13:17',NULL,NULL),(874,'b04490f4f52f4094900d95a30c9719f1','turn_off','{}','sent',11,7,'2025-09-16 01:13:27','2025-09-16 01:13:27',NULL,NULL),(875,'b04490f4f52f4094900d95a30c9719f1','turn_off','{}','sent',11,7,'2025-09-16 01:13:37','2025-09-16 01:13:37',NULL,NULL),(876,'b04490f4f52f4094900d95a30c9719f1','turn_off','{}','sent',11,7,'2025-09-16 01:13:42','2025-09-16 01:13:42',NULL,NULL),(877,'b04490f4f52f4094900d95a30c9719f1','turn_off','{}','sent',11,7,'2025-09-16 01:13:47','2025-09-16 01:13:47',NULL,NULL),(878,'b04490f4f52f4094900d95a30c9719f1','turn_off','{}','sent',11,7,'2025-09-16 01:13:52','2025-09-16 01:13:52',NULL,NULL),(879,'b04490f4f52f4094900d95a30c9719f1','turn_off','{}','sent',11,7,'2025-09-16 01:13:57','2025-09-16 01:13:57',NULL,NULL),(880,'b04490f4f52f4094900d95a30c9719f1','turn_off','{}','sent',11,7,'2025-09-16 01:14:02','2025-09-16 01:14:02',NULL,NULL),(881,'b04490f4f52f4094900d95a30c9719f1','turn_off','{}','sent',11,7,'2025-09-16 01:14:07','2025-09-16 01:14:07',NULL,NULL),(882,'b04490f4f52f4094900d95a30c9719f1','turn_off','{}','sent',11,7,'2025-09-16 01:14:12','2025-09-16 01:14:12',NULL,NULL),(883,'b04490f4f52f4094900d95a30c9719f1','turn_off','{}','sent',11,7,'2025-09-16 01:14:17','2025-09-16 01:14:17',NULL,NULL),(884,'b04490f4f52f4094900d95a30c9719f1','turn_off','{}','sent',11,7,'2025-09-16 01:14:22','2025-09-16 01:14:22',NULL,NULL),(885,'b04490f4f52f4094900d95a30c9719f1','turn_off','{}','sent',11,7,'2025-09-16 01:14:27','2025-09-16 01:14:27',NULL,NULL),(886,'b04490f4f52f4094900d95a30c9719f1','turn_off','{}','sent',11,7,'2025-09-16 01:14:32','2025-09-16 01:14:32',NULL,NULL),(887,'b04490f4f52f4094900d95a30c9719f1','turn_off','{}','sent',11,7,'2025-09-16 01:14:37','2025-09-16 01:14:37',NULL,NULL),(888,'b04490f4f52f4094900d95a30c9719f1','turn_off','{}','sent',11,7,'2025-09-16 01:19:08','2025-09-16 01:19:08',NULL,NULL),(889,'b04490f4f52f4094900d95a30c9719f1','turn_off','{}','sent',11,7,'2025-09-16 01:19:18','2025-09-16 01:19:18',NULL,NULL),(890,'b04490f4f52f4094900d95a30c9719f1','turn_off','{}','sent',11,7,'2025-09-16 01:19:28','2025-09-16 01:19:28',NULL,NULL),(891,'b04490f4f52f4094900d95a30c9719f1','turn_off','{}','sent',11,7,'2025-09-16 01:19:33','2025-09-16 01:19:33',NULL,NULL),(892,'b04490f4f52f4094900d95a30c9719f1','turn_off','{}','sent',11,7,'2025-09-16 01:19:38','2025-09-16 01:19:38',NULL,NULL),(893,'b04490f4f52f4094900d95a30c9719f1','turn_off','{}','sent',11,7,'2025-09-16 01:19:53','2025-09-16 01:19:53',NULL,NULL),(894,'b04490f4f52f4094900d95a30c9719f1','turn_off','{}','sent',11,7,'2025-09-16 01:19:58','2025-09-16 01:19:58',NULL,NULL),(895,'b04490f4f52f4094900d95a30c9719f1','turn_off','{}','sent',11,7,'2025-09-16 01:20:03','2025-09-16 01:20:03',NULL,NULL),(896,'b04490f4f52f4094900d95a30c9719f1','turn_off','{}','sent',11,7,'2025-09-16 01:20:08','2025-09-16 01:20:08',NULL,NULL),(897,'b04490f4f52f4094900d95a30c9719f1','turn_off','{}','sent',11,7,'2025-09-16 01:20:23','2025-09-16 01:20:23',NULL,NULL),(898,'b04490f4f52f4094900d95a30c9719f1','turn_off','{}','sent',11,7,'2025-09-16 01:20:33','2025-09-16 01:20:33',NULL,NULL),(899,'b04490f4f52f4094900d95a30c9719f1','turn_off','{}','sent',11,7,'2025-09-16 01:20:43','2025-09-16 01:20:43',NULL,NULL),(900,'b04490f4f52f4094900d95a30c9719f1','turn_off','{}','sent',11,7,'2025-09-16 01:20:48','2025-09-16 01:20:48',NULL,NULL),(901,'b04490f4f52f4094900d95a30c9719f1','turn_off','{}','sent',11,7,'2025-09-16 01:20:58','2025-09-16 01:20:58',NULL,NULL),(902,'b04490f4f52f4094900d95a30c9719f1','turn_off','{}','sent',11,7,'2025-09-16 01:21:03','2025-09-16 01:21:03',NULL,NULL),(903,'b04490f4f52f4094900d95a30c9719f1','turn_off','{}','sent',11,7,'2025-09-16 01:21:08','2025-09-16 01:21:08',NULL,NULL),(904,'b04490f4f52f4094900d95a30c9719f1','turn_off','{}','sent',11,7,'2025-09-16 01:21:18','2025-09-16 01:21:18',NULL,NULL),(905,'b04490f4f52f4094900d95a30c9719f1','turn_off','{}','sent',11,7,'2025-09-16 01:21:28','2025-09-16 01:21:28',NULL,NULL),(906,'b04490f4f52f4094900d95a30c9719f1','turn_off','{}','sent',11,7,'2025-09-16 01:21:43','2025-09-16 01:21:43',NULL,NULL),(907,'b04490f4f52f4094900d95a30c9719f1','turn_off','{}','sent',11,7,'2025-09-16 01:21:53','2025-09-16 01:21:53',NULL,NULL),(908,'b04490f4f52f4094900d95a30c9719f1','turn_off','{}','sent',11,7,'2025-09-16 01:21:58','2025-09-16 01:21:58',NULL,NULL),(909,'b04490f4f52f4094900d95a30c9719f1','turn_off','{}','sent',11,7,'2025-09-16 01:22:03','2025-09-16 01:22:03',NULL,NULL),(910,'b04490f4f52f4094900d95a30c9719f1','turn_off','{}','sent',11,7,'2025-09-16 01:22:08','2025-09-16 01:22:08',NULL,NULL),(911,'b04490f4f52f4094900d95a30c9719f1','turn_off','{}','sent',11,7,'2025-09-16 01:22:13','2025-09-16 01:22:13',NULL,NULL),(912,'b04490f4f52f4094900d95a30c9719f1','turn_off','{}','sent',11,7,'2025-09-16 01:22:28','2025-09-16 01:22:28',NULL,NULL),(913,'b04490f4f52f4094900d95a30c9719f1','turn_off','{}','sent',11,7,'2025-09-16 01:22:33','2025-09-16 01:22:33',NULL,NULL),(914,'b04490f4f52f4094900d95a30c9719f1','turn_off','{}','sent',11,7,'2025-09-16 01:22:48','2025-09-16 01:22:48',NULL,NULL),(915,'b04490f4f52f4094900d95a30c9719f1','turn_off','{}','sent',11,7,'2025-09-16 01:22:53','2025-09-16 01:22:53',NULL,NULL),(916,'b04490f4f52f4094900d95a30c9719f1','turn_off','{}','sent',11,7,'2025-09-16 01:22:58','2025-09-16 01:22:58',NULL,NULL),(917,'b04490f4f52f4094900d95a30c9719f1','turn_off','{}','sent',11,7,'2025-09-16 01:23:13','2025-09-16 01:23:13',NULL,NULL),(918,'b04490f4f52f4094900d95a30c9719f1','turn_off','{}','sent',11,7,'2025-09-16 01:23:23','2025-09-16 01:23:23',NULL,NULL),(919,'b04490f4f52f4094900d95a30c9719f1','turn_off','{}','sent',11,7,'2025-09-16 01:23:43','2025-09-16 01:23:43',NULL,NULL),(920,'b04490f4f52f4094900d95a30c9719f1','turn_off','{}','sent',11,7,'2025-09-16 01:23:48','2025-09-16 01:23:48',NULL,NULL),(921,'b04490f4f52f4094900d95a30c9719f1','turn_off','{}','sent',11,7,'2025-09-16 01:23:53','2025-09-16 01:23:53',NULL,NULL),(922,'b04490f4f52f4094900d95a30c9719f1','turn_off','{}','sent',11,7,'2025-09-16 01:23:58','2025-09-16 01:23:58',NULL,NULL),(923,'b04490f4f52f4094900d95a30c9719f1','turn_off','{}','sent',11,7,'2025-09-16 01:24:08','2025-09-16 01:24:08',NULL,NULL),(924,'b04490f4f52f4094900d95a30c9719f1','turn_off','{}','sent',11,7,'2025-09-16 01:24:18','2025-09-16 01:24:18',NULL,NULL),(925,'b04490f4f52f4094900d95a30c9719f1','turn_off','{}','sent',11,7,'2025-09-16 01:24:33','2025-09-16 01:24:33',NULL,NULL),(926,'b04490f4f52f4094900d95a30c9719f1','turn_off','{}','sent',11,7,'2025-09-16 01:24:38','2025-09-16 01:24:38',NULL,NULL),(927,'b04490f4f52f4094900d95a30c9719f1','turn_off','{}','sent',11,7,'2025-09-16 01:24:53','2025-09-16 01:24:53',NULL,NULL),(928,'b04490f4f52f4094900d95a30c9719f1','turn_off','{}','sent',11,7,'2025-09-16 01:24:58','2025-09-16 01:24:58',NULL,NULL),(929,'b04490f4f52f4094900d95a30c9719f1','turn_off','{}','sent',11,7,'2025-09-16 01:25:03','2025-09-16 01:25:03',NULL,NULL),(930,'b04490f4f52f4094900d95a30c9719f1','turn_off','{}','sent',11,7,'2025-09-16 01:25:13','2025-09-16 01:25:13',NULL,NULL),(931,'b04490f4f52f4094900d95a30c9719f1','turn_off','{}','sent',11,7,'2025-09-16 01:25:28','2025-09-16 01:25:28',NULL,NULL),(932,'b04490f4f52f4094900d95a30c9719f1','turn_off','{}','sent',11,7,'2025-09-16 01:25:38','2025-09-16 01:25:38',NULL,NULL),(933,'b04490f4f52f4094900d95a30c9719f1','turn_off','{}','sent',11,7,'2025-09-16 01:25:43','2025-09-16 01:25:43',NULL,NULL),(934,'b04490f4f52f4094900d95a30c9719f1','turn_off','{}','sent',11,7,'2025-09-16 01:26:03','2025-09-16 01:26:04',NULL,NULL),(935,'b04490f4f52f4094900d95a30c9719f1','turn_off','{}','sent',11,7,'2025-09-16 01:26:09','2025-09-16 01:26:09',NULL,NULL),(936,'b04490f4f52f4094900d95a30c9719f1','turn_off','{}','sent',11,7,'2025-09-16 01:26:24','2025-09-16 01:26:24',NULL,NULL),(937,'b04490f4f52f4094900d95a30c9719f1','turn_off','{}','sent',11,7,'2025-09-16 01:26:29','2025-09-16 01:26:29',NULL,NULL),(938,'b04490f4f52f4094900d95a30c9719f1','turn_off','{}','sent',11,7,'2025-09-16 01:26:39','2025-09-16 01:26:39',NULL,NULL),(939,'b04490f4f52f4094900d95a30c9719f1','turn_off','{}','sent',11,7,'2025-09-16 01:26:54','2025-09-16 01:26:54',NULL,NULL),(940,'b04490f4f52f4094900d95a30c9719f1','turn_off','{}','sent',11,7,'2025-09-16 01:26:59','2025-09-16 01:26:59',NULL,NULL),(941,'b04490f4f52f4094900d95a30c9719f1','turn_off','{}','sent',11,7,'2025-09-16 01:27:09','2025-09-16 01:27:09',NULL,NULL),(942,'b04490f4f52f4094900d95a30c9719f1','turn_off','{}','sent',11,7,'2025-09-16 01:27:14','2025-09-16 01:27:14',NULL,NULL),(943,'b04490f4f52f4094900d95a30c9719f1','turn_off','{}','sent',11,7,'2025-09-16 01:27:19','2025-09-16 01:27:19',NULL,NULL),(944,'b04490f4f52f4094900d95a30c9719f1','turn_off','{}','sent',11,7,'2025-09-16 01:27:24','2025-09-16 01:27:24',NULL,NULL),(945,'b04490f4f52f4094900d95a30c9719f1','turn_off','{}','sent',11,7,'2025-09-16 01:27:29','2025-09-16 01:27:29',NULL,NULL),(946,'b04490f4f52f4094900d95a30c9719f1','turn_off','{}','sent',11,7,'2025-09-16 01:27:34','2025-09-16 01:27:34',NULL,NULL),(947,'b04490f4f52f4094900d95a30c9719f1','turn_off','{}','sent',11,7,'2025-09-16 04:01:28','2025-09-16 04:01:28',NULL,NULL),(948,'b04490f4f52f4094900d95a30c9719f1','turn_off','{}','sent',11,7,'2025-09-16 04:01:33','2025-09-16 04:01:33',NULL,NULL),(949,'b04490f4f52f4094900d95a30c9719f1','turn_off','{}','sent',11,7,'2025-09-16 04:01:38','2025-09-16 04:01:38',NULL,NULL),(950,'b04490f4f52f4094900d95a30c9719f1','turn_off','{}','sent',11,7,'2025-09-16 12:07:39','2025-09-16 12:07:39',NULL,NULL);
/*!40000 ALTER TABLE `commands` ENABLE KEYS */;
UNLOCK TABLES;

--
-- Table structure for table `du_lieu_thiet_bi`
--

DROP TABLE IF EXISTS `du_lieu_thiet_bi`;
/*!40101 SET @saved_cs_client     = @@character_set_client */;
 SET character_set_client = utf8mb4 ;
CREATE TABLE `du_lieu_thiet_bi` (
  `id` bigint NOT NULL AUTO_INCREMENT,
  `thiet_bi_id` int NOT NULL,
  `khoa` varchar(100) CHARACTER SET utf8mb4 COLLATE utf8mb4_unicode_ci NOT NULL,
  `gia_tri` text CHARACTER SET utf8mb4 COLLATE utf8mb4_unicode_ci,
  `thoi_gian` datetime DEFAULT CURRENT_TIMESTAMP,
  PRIMARY KEY (`id`),
  KEY `thiet_bi_id` (`thiet_bi_id`,`thoi_gian`),
  KEY `idx_device_time` (`thiet_bi_id`,`thoi_gian`),
  KEY `idx_key_time` (`khoa`,`thoi_gian`),
  KEY `idx_thoi_gian` (`thoi_gian`),
  CONSTRAINT `du_lieu_thiet_bi_ibfk_1` FOREIGN KEY (`thiet_bi_id`) REFERENCES `thiet_bi` (`id`)
) ENGINE=InnoDB AUTO_INCREMENT=19 DEFAULT CHARSET=utf8mb4 COLLATE=utf8mb4_unicode_ci;
/*!40101 SET character_set_client = @saved_cs_client */;

--
-- Dumping data for table `du_lieu_thiet_bi`
--

LOCK TABLES `du_lieu_thiet_bi` WRITE;
/*!40000 ALTER TABLE `du_lieu_thiet_bi` DISABLE KEYS */;
INSERT INTO `du_lieu_thiet_bi` VALUES (1,9,'temp','35','2025-09-16 04:01:18'),(2,9,'hum','73','2025-09-16 04:01:18'),(3,9,'temp','33','2025-09-16 04:01:23'),(4,9,'hum','80','2025-09-16 04:01:23'),(5,9,'temp','20','2025-09-16 04:01:28'),(6,9,'hum','63','2025-09-16 04:01:28'),(7,9,'temp','23','2025-09-16 04:01:33'),(8,9,'hum','74','2025-09-16 04:01:33'),(9,9,'temp','23','2025-09-16 04:01:38'),(10,9,'hum','60','2025-09-16 04:01:38'),(11,9,'temp','34','2025-09-16 04:01:43'),(12,9,'hum','66','2025-09-16 04:01:43'),(13,9,'temp','33','2025-09-16 04:01:48'),(14,9,'hum','53','2025-09-16 04:01:48'),(15,9,'temp','31','2025-09-16 12:07:34'),(16,9,'hum','47','2025-09-16 12:07:34'),(17,9,'temp','25','2025-09-16 12:07:39'),(18,9,'hum','51','2025-09-16 12:07:39');
/*!40000 ALTER TABLE `du_lieu_thiet_bi` ENABLE KEYS */;
UNLOCK TABLES;

--
-- Table structure for table `kenh_thong_bao`
--

DROP TABLE IF EXISTS `kenh_thong_bao`;
/*!40101 SET @saved_cs_client     = @@character_set_client */;
 SET character_set_client = utf8mb4 ;
CREATE TABLE `kenh_thong_bao` (
  `id` int NOT NULL AUTO_INCREMENT,
  `nguoi_dung_id` int NOT NULL,
  `loai` enum('telegram','email','zalo') NOT NULL,
  `external_id` varchar(255) NOT NULL,
  `cau_hinh` json DEFAULT NULL,
  `da_kich_hoat` tinyint(1) DEFAULT '1',
  `ngay_tao` datetime DEFAULT CURRENT_TIMESTAMP,
  PRIMARY KEY (`id`),
  KEY `nguoi_dung_id` (`nguoi_dung_id`),
  CONSTRAINT `kenh_thong_bao_ibfk_1` FOREIGN KEY (`nguoi_dung_id`) REFERENCES `nguoi_dung` (`id`) ON DELETE CASCADE
) ENGINE=InnoDB AUTO_INCREMENT=6 DEFAULT CHARSET=utf8mb4 COLLATE=utf8mb4_0900_ai_ci;
/*!40101 SET character_set_client = @saved_cs_client */;

--
-- Dumping data for table `kenh_thong_bao`
--

LOCK TABLES `kenh_thong_bao` WRITE;
/*!40000 ALTER TABLE `kenh_thong_bao` DISABLE KEYS */;
INSERT INTO `kenh_thong_bao` VALUES (5,5,'telegram','5606024020',NULL,1,'2025-09-08 15:40:59');
/*!40000 ALTER TABLE `kenh_thong_bao` ENABLE KEYS */;
UNLOCK TABLES;

--
-- Table structure for table `khoa_du_lieu`
--

DROP TABLE IF EXISTS `khoa_du_lieu`;
/*!40101 SET @saved_cs_client     = @@character_set_client */;
 SET character_set_client = utf8mb4 ;
CREATE TABLE `khoa_du_lieu` (
  `id` int NOT NULL AUTO_INCREMENT,
  `thiet_bi_id` int NOT NULL,
  `khoa` varchar(100) CHARACTER SET utf8mb4 COLLATE utf8mb4_unicode_ci NOT NULL,
  `don_vi` varchar(50) CHARACTER SET utf8mb4 COLLATE utf8mb4_unicode_ci DEFAULT NULL,
  `mo_ta` text CHARACTER SET utf8mb4 COLLATE utf8mb4_unicode_ci,
  PRIMARY KEY (`id`),
  KEY `thiet_bi_id` (`thiet_bi_id`),
  CONSTRAINT `khoa_du_lieu_ibfk_1` FOREIGN KEY (`thiet_bi_id`) REFERENCES `thiet_bi` (`id`)
) ENGINE=InnoDB AUTO_INCREMENT=21 DEFAULT CHARSET=utf8mb4 COLLATE=utf8mb4_unicode_ci;
/*!40101 SET character_set_client = @saved_cs_client */;

--
-- Dumping data for table `khoa_du_lieu`
--

LOCK TABLES `khoa_du_lieu` WRITE;
/*!40000 ALTER TABLE `khoa_du_lieu` DISABLE KEYS */;
INSERT INTO `khoa_du_lieu` VALUES (12,9,'temp','no',''),(13,9,'hum','c',''),(14,10,'temp','saaa','s'),(15,10,'sss','ss','sss'),(16,11,'temp','khong','nhiet do'),(17,11,'hum','khong','do am'),(18,11,'time','a','a'),(19,10,'std123','std123','std123');
/*!40000 ALTER TABLE `khoa_du_lieu` ENABLE KEYS */;
UNLOCK TABLES;

--
-- Table structure for table `nguoi_dung`
--

DROP TABLE IF EXISTS `nguoi_dung`;
/*!40101 SET @saved_cs_client     = @@character_set_client */;
 SET character_set_client = utf8mb4 ;
CREATE TABLE `nguoi_dung` (
  `id` int NOT NULL AUTO_INCREMENT,
  `ten` varchar(100) CHARACTER SET utf8mb4 COLLATE utf8mb4_unicode_ci NOT NULL,
  `email` varchar(100) CHARACTER SET utf8mb4 COLLATE utf8mb4_unicode_ci DEFAULT NULL,
  `mat_khau_hash` text CHARACTER SET utf8mb4 COLLATE utf8mb4_unicode_ci NOT NULL,
  `vai_tro` enum('admin','user') CHARACTER SET utf8mb4 COLLATE utf8mb4_unicode_ci DEFAULT 'user',
  `ngay_tao` datetime DEFAULT CURRENT_TIMESTAMP,
  PRIMARY KEY (`id`),
  UNIQUE KEY `email` (`email`)
) ENGINE=InnoDB AUTO_INCREMENT=6 DEFAULT CHARSET=utf8mb4 COLLATE=utf8mb4_unicode_ci;
/*!40101 SET character_set_client = @saved_cs_client */;

--
-- Dumping data for table `nguoi_dung`
--

LOCK TABLES `nguoi_dung` WRITE;
/*!40000 ALTER TABLE `nguoi_dung` DISABLE KEYS */;
INSERT INTO `nguoi_dung` VALUES (5,'tai','tai@tai.com','$2b$12$H.qOs.et2w8CHOjXnA0.VO0H0HP24GaSTq5kGezZFp2A9q.LRjcE.','user','2025-08-16 13:04:38');
/*!40000 ALTER TABLE `nguoi_dung` ENABLE KEYS */;
UNLOCK TABLES;

--
-- Table structure for table `phong`
--

DROP TABLE IF EXISTS `phong`;
/*!40101 SET @saved_cs_client     = @@character_set_client */;
 SET character_set_client = utf8mb4 ;
CREATE TABLE `phong` (
  `id` int NOT NULL AUTO_INCREMENT,
  `ten_phong` varchar(100) CHARACTER SET utf8mb4 COLLATE utf8mb4_unicode_ci DEFAULT NULL,
  `mo_ta` text CHARACTER SET utf8mb4 COLLATE utf8mb4_unicode_ci,
  `vi_tri` varchar(255) CHARACTER SET utf8mb4 COLLATE utf8mb4_unicode_ci DEFAULT NULL,
  `nguoi_quan_ly_id` int DEFAULT NULL,
  `ngay_tao` datetime DEFAULT CURRENT_TIMESTAMP,
  `ma_phong` varchar(100) COLLATE utf8mb4_unicode_ci DEFAULT NULL,
  PRIMARY KEY (`id`),
  KEY `nguoi_quan_ly_id` (`nguoi_quan_ly_id`),
  CONSTRAINT `phong_ibfk_1` FOREIGN KEY (`nguoi_quan_ly_id`) REFERENCES `nguoi_dung` (`id`)
) ENGINE=InnoDB AUTO_INCREMENT=12 DEFAULT CHARSET=utf8mb4 COLLATE=utf8mb4_unicode_ci;
/*!40101 SET character_set_client = @saved_cs_client */;

--
-- Dumping data for table `phong`
--

LOCK TABLES `phong` WRITE;
/*!40000 ALTER TABLE `phong` DISABLE KEYS */;
INSERT INTO `phong` VALUES (10,'Trung tm nghin cu h thng thng minh','TT CDS','Tng 1',5,'2025-08-16 13:05:34','13edc6c57df2421fbbc4c5f8265ccb9f'),(11,'a','a','a',5,'2025-09-07 04:21:24','a8752b2e70a449cf8966ce6f2d236a98');
/*!40000 ALTER TABLE `phong` ENABLE KEYS */;
UNLOCK TABLES;

--
-- Table structure for table `rule_actions`
--

DROP TABLE IF EXISTS `rule_actions`;
/*!40101 SET @saved_cs_client     = @@character_set_client */;
 SET character_set_client = utf8mb4 ;
CREATE TABLE `rule_actions` (
  `id` int NOT NULL AUTO_INCREMENT,
  `rule_id` int NOT NULL,
  `device_id` varchar(255) NOT NULL,
  `action_command` varchar(100) NOT NULL,
  `action_params` json DEFAULT NULL,
  `delay_seconds` int DEFAULT '0',
  `thu_tu` int DEFAULT '1',
  `created_at` datetime DEFAULT CURRENT_TIMESTAMP,
  PRIMARY KEY (`id`),
  KEY `rule_id` (`rule_id`),
  CONSTRAINT `rule_actions_ibfk_1` FOREIGN KEY (`rule_id`) REFERENCES `rules` (`id`) ON DELETE CASCADE
) ENGINE=InnoDB AUTO_INCREMENT=16 DEFAULT CHARSET=utf8mb4 COLLATE=utf8mb4_0900_ai_ci;
/*!40101 SET character_set_client = @saved_cs_client */;

--
-- Dumping data for table `rule_actions`
--

LOCK TABLES `rule_actions` WRITE;
/*!40000 ALTER TABLE `rule_actions` DISABLE KEYS */;
INSERT INTO `rule_actions` VALUES (7,11,'b04490f4f52f4094900d95a30c9719f1','turn_off','{}',0,1,'2025-09-07 11:24:51'),(12,12,'b04490f4f52f4094900d95a30c9719f1','turn_on','{}',0,1,'2025-09-08 12:41:37'),(13,12,'09d392dae81244fe831693055290eeee','turn_on','{}',0,2,'2025-09-08 12:41:37'),(14,13,'b04490f4f52f4094900d95a30c9719f1','turn_off','{}',0,1,'2025-09-08 15:53:41'),(15,13,'b04490f4f52f4094900d95a30c9719f1','turn_on','{}',0,2,'2025-09-08 15:53:41');
/*!40000 ALTER TABLE `rule_actions` ENABLE KEYS */;
UNLOCK TABLES;

--
-- Table structure for table `rule_thiet_bi`
--

DROP TABLE IF EXISTS `rule_thiet_bi`;
/*!40101 SET @saved_cs_client     = @@character_set_client */;
 SET character_set_client = utf8mb4 ;
CREATE TABLE `rule_thiet_bi` (
  `id` int NOT NULL AUTO_INCREMENT,
  `ten_rule` varchar(255) NOT NULL,
  `phong_id` int NOT NULL,
  `condition_device_id` varchar(100) CHARACTER SET utf8mb4 COLLATE utf8mb4_unicode_ci NOT NULL,
  `field` varchar(100) NOT NULL,
  `operator` enum('>','<','=','>=','<=','!=') NOT NULL,
  `value` varchar(100) NOT NULL,
  `muc_do_uu_tien` int DEFAULT '1',
  `trang_thai` enum('enabled','disabled') DEFAULT 'enabled',
  `ngay_tao` timestamp NULL DEFAULT CURRENT_TIMESTAMP,
  PRIMARY KEY (`id`),
  KEY `phong_id` (`phong_id`),
  KEY `condition_device_id` (`condition_device_id`),
  CONSTRAINT `rule_thiet_bi_ibfk_1` FOREIGN KEY (`phong_id`) REFERENCES `phong` (`id`) ON DELETE CASCADE,
  CONSTRAINT `rule_thiet_bi_ibfk_2` FOREIGN KEY (`condition_device_id`) REFERENCES `thiet_bi` (`ma_thiet_bi`) ON DELETE CASCADE
) ENGINE=InnoDB AUTO_INCREMENT=4 DEFAULT CHARSET=utf8mb4 COLLATE=utf8mb4_0900_ai_ci;
/*!40101 SET character_set_client = @saved_cs_client */;

--
-- Dumping data for table `rule_thiet_bi`
--

LOCK TABLES `rule_thiet_bi` WRITE;
/*!40000 ALTER TABLE `rule_thiet_bi` DISABLE KEYS */;
/*!40000 ALTER TABLE `rule_thiet_bi` ENABLE KEYS */;
UNLOCK TABLES;

--
-- Table structure for table `rules`
--

DROP TABLE IF EXISTS `rules`;
/*!40101 SET @saved_cs_client     = @@character_set_client */;
 SET character_set_client = utf8mb4 ;
CREATE TABLE `rules` (
  `id` int NOT NULL AUTO_INCREMENT,
  `ten_rule` varchar(255) DEFAULT NULL,
  `phong_id` int NOT NULL,
  `condition_device_id` varchar(255) NOT NULL,
  `field` varchar(100) NOT NULL,
  `operator` varchar(10) NOT NULL,
  `value` varchar(100) NOT NULL,
  `muc_do_uu_tien` int DEFAULT '1',
  `trang_thai` enum('enabled','disabled') DEFAULT 'enabled',
  `ngay_tao` datetime DEFAULT CURRENT_TIMESTAMP,
  PRIMARY KEY (`id`)
) ENGINE=InnoDB AUTO_INCREMENT=14 DEFAULT CHARSET=utf8mb4 COLLATE=utf8mb4_0900_ai_ci;
/*!40101 SET character_set_client = @saved_cs_client */;

--
-- Dumping data for table `rules`
--

LOCK TABLES `rules` WRITE;
/*!40000 ALTER TABLE `rules` DISABLE KEYS */;
INSERT INTO `rules` VALUES (11,'testrule',10,'b6c203a59ed04a40b2f4741e17e3a3ea','temp','<','30',3,'enabled','2025-09-07 11:24:51'),(12,'testrule123',10,'b04490f4f52f4094900d95a30c9719f1','temp','>','30',2,'disabled','2025-09-07 11:31:17'),(13,'testthongbao',10,'b6c203a59ed04a40b2f4741e17e3a3ea','temp','>','35',3,'enabled','2025-09-08 15:53:41');
/*!40000 ALTER TABLE `rules` ENABLE KEYS */;
UNLOCK TABLES;

--
-- Table structure for table `system_logs`
--

DROP TABLE IF EXISTS `system_logs`;
/*!40101 SET @saved_cs_client     = @@character_set_client */;
 SET character_set_client = utf8mb4 ;
CREATE TABLE `system_logs` (
  `id` bigint NOT NULL AUTO_INCREMENT,
  `level` enum('DEBUG','INFO','WARN','ERROR') COLLATE utf8mb4_unicode_ci NOT NULL,
  `module` varchar(50) COLLATE utf8mb4_unicode_ci NOT NULL,
  `message` text CHARACTER SET utf8mb4 COLLATE utf8mb4_unicode_ci NOT NULL,
  `context` json DEFAULT NULL,
  `user_id` int DEFAULT NULL,
  `ip_address` varchar(45) COLLATE utf8mb4_unicode_ci DEFAULT NULL,
  `created_at` timestamp NULL DEFAULT CURRENT_TIMESTAMP,
  PRIMARY KEY (`id`),
  KEY `idx_level_time` (`level`,`created_at`),
  KEY `idx_module_time` (`module`,`created_at`),
  KEY `idx_user_id` (`user_id`),
  CONSTRAINT `system_logs_user_fk` FOREIGN KEY (`user_id`) REFERENCES `nguoi_dung` (`id`) ON DELETE SET NULL
) ENGINE=InnoDB DEFAULT CHARSET=utf8mb4 COLLATE=utf8mb4_unicode_ci;
/*!40101 SET character_set_client = @saved_cs_client */;

--
-- Dumping data for table `system_logs`
--

LOCK TABLES `system_logs` WRITE;
/*!40000 ALTER TABLE `system_logs` DISABLE KEYS */;
/*!40000 ALTER TABLE `system_logs` ENABLE KEYS */;
UNLOCK TABLES;

--
-- Table structure for table `thiet_bi`
--

DROP TABLE IF EXISTS `thiet_bi`;
/*!40101 SET @saved_cs_client     = @@character_set_client */;
 SET character_set_client = utf8mb4 ;
CREATE TABLE `thiet_bi` (
  `id` int NOT NULL AUTO_INCREMENT,
  `ma_thiet_bi` varchar(100) CHARACTER SET utf8mb4 COLLATE utf8mb4_unicode_ci NOT NULL,
  `ten_thiet_bi` varchar(100) CHARACTER SET utf8mb4 COLLATE utf8mb4_unicode_ci DEFAULT NULL,
  `loai_thiet_bi` varchar(100) CHARACTER SET utf8mb4 COLLATE utf8mb4_unicode_ci DEFAULT NULL,
  `phong_id` int DEFAULT NULL,
  `trang_thai` enum('online','offline','error') CHARACTER SET utf8mb4 COLLATE utf8mb4_unicode_ci DEFAULT 'offline',
  `last_seen` timestamp NULL DEFAULT NULL,
  `ip_address` varchar(45) COLLATE utf8mb4_unicode_ci DEFAULT NULL,
  `mac_address` varchar(17) COLLATE utf8mb4_unicode_ci DEFAULT NULL,
  `is_active` tinyint(1) DEFAULT '1',
  `ngay_dang_ky` datetime DEFAULT CURRENT_TIMESTAMP,
  `health_status` enum('ok','misconfigured') COLLATE utf8mb4_unicode_ci NOT NULL DEFAULT 'ok',
  PRIMARY KEY (`id`),
  UNIQUE KEY `ma_thiet_bi` (`ma_thiet_bi`),
  KEY `node_id` (`phong_id`),
  KEY `idx_last_seen` (`last_seen`),
  KEY `idx_trang_thai` (`trang_thai`),
  KEY `idx_phong_trang_thai` (`phong_id`,`trang_thai`),
  CONSTRAINT `thiet_bi_ibfk_1` FOREIGN KEY (`phong_id`) REFERENCES `phong` (`id`)
) ENGINE=InnoDB AUTO_INCREMENT=14 DEFAULT CHARSET=utf8mb4 COLLATE=utf8mb4_unicode_ci;
/*!40101 SET character_set_client = @saved_cs_client */;

--
-- Dumping data for table `thiet_bi`
--

LOCK TABLES `thiet_bi` WRITE;
/*!40000 ALTER TABLE `thiet_bi` DISABLE KEYS */;
INSERT INTO `thiet_bi` VALUES (9,'b6c203a59ed04a40b2f4741e17e3a3ea','DHT11','sensor',10,'online','2025-09-16 05:07:39',NULL,NULL,1,'2025-08-16 13:08:34','ok'),(10,'b04490f4f52f4094900d95a30c9719f1','s','s',10,'offline','2025-09-15 01:31:16',NULL,NULL,1,'2025-08-16 13:55:24','ok'),(11,'09d392dae81244fe831693055290eeee','bum','123',10,'offline','2025-09-08 08:55:56',NULL,NULL,1,'2025-09-07 04:17:31','ok'),(12,'020938ad16834065a7535cf5aa53b065','aaa','asds',11,'offline',NULL,NULL,NULL,1,'2025-09-07 06:27:37','ok'),(13,'f89d1516eaf34c118ae748b1ff18a0ff','aaa','aaa',11,'offline',NULL,NULL,NULL,1,'2025-09-07 06:57:10','ok');
/*!40000 ALTER TABLE `thiet_bi` ENABLE KEYS */;
UNLOCK TABLES;
/*!40103 SET TIME_ZONE=@OLD_TIME_ZONE */;

/*!40101 SET SQL_MODE=@OLD_SQL_MODE */;
/*!40014 SET FOREIGN_KEY_CHECKS=@OLD_FOREIGN_KEY_CHECKS */;
/*!40014 SET UNIQUE_CHECKS=@OLD_UNIQUE_CHECKS */;
/*!40101 SET CHARACTER_SET_CLIENT=@OLD_CHARACTER_SET_CLIENT */;
/*!40101 SET CHARACTER_SET_RESULTS=@OLD_CHARACTER_SET_RESULTS */;
/*!40101 SET COLLATION_CONNECTION=@OLD_COLLATION_CONNECTION */;
/*!40111 SET SQL_NOTES=@OLD_SQL_NOTES */;

-- Dump completed on 2025-09-16 19:19:14
